stop_name,stop_id,capacity,type
100_36_1_stop0,0,-1,0
100_36_1_stop1,1,-1,0
100_36_1_stop2,2,-1,0
100_36_1_stop3,3,-1,0
100_36_1_stop4,4,-1,0
100_36_1_stop5,5,-1,0
100_36_1_stop6,6,-1,0
100_36_1_stop7,7,-1,0
100_36_1_stop8,8,-1,0
100_36_1_stop9,9,-1,0
100_36_1_stop10,10,-1,0
100_36_1_stop11,11,-1,0
100_36_1_stop12,12,-1,0
100_36_1_stop13,13,-1,0
100_36_1_stop14,14,-1,0
100_36_1_stop15,15,-1,0
100_36_1_stop16,16,-1,0
100_36_1_stop17,17,-1,0
100_37_0_stop0,18,-1,0
100_37_0_stop1,19,-1,0
100_37_0_stop2,20,-1,0
100_37_0_stop3,21,-1,0
100_37_0_stop4,22,-1,0
100_37_0_stop5,23,-1,0
100_37_0_stop6,24,-1,0
100_37_0_stop7,25,-1,0
100_37_0_stop8,26,-1,0
100_37_0_stop9,27,-1,0
100_37_0_stop10,28,-1,0
100_37_0_stop11,29,-1,0
100_37_0_stop12,30,-1,0
100_37_0_stop13,31,-1,0
100_37_0_stop14,32,-1,0
100_37_0_stop15,33,-1,0
100_37_0_stop16,34,-1,0
100_37_0_stop17,35,-1,0
14_11_0_stop0,36,-1,0
14_11_0_stop1,37,-1,0
14_11_0_stop2,38,-1,0
14_11_0_stop3,39,-1,0
14_11_0_stop4,40,-1,0
14_11_0_stop5,41,-1,0
14_11_0_stop6,42,-1,0
14_11_0_stop7,43,-1,0
14_11_0_stop8,44,-1,0
14_11_0_stop9,45,-1,0
14_11_0_stop10,46,-1,0
14_11_0_stop11,47,-1,0
14_11_0_stop12,48,-1,0
14_11_0_stop13,49,-1,0
14_11_0_stop14,50,-1,0
14_11_0_stop15,51,-1,0
14_11_0_stop16,52,-1,0
14_11_0_stop17,53,-1,0
14_11_0_stop18,54,-1,0
14_11_0_stop19,55,-1,0
14_11_0_stop20,56,-1,0
14_11_0_stop21,57,-1,0
14_11_0_stop22,58,-1,0
14_11_0_stop23,59,-1,0
14_11_0_stop24,60,-1,0
14_11_0_stop25,61,-1,0
14_11_0_stop26,62,-1,0
14_11_0_stop27,63,-1,0
14_11_0_stop28,64,-1,0
14_11_0_stop29,65,-1,0
14_11_0_stop30,66,-1,0
14_11_0_stop31,67,-1,0
14_11_0_stop32,68,-1,0
14_11_0_stop33,69,-1,0
14_11_0_stop34,70,-1,0
14_11_0_stop35,71,-1,0
14_11_0_stop36,72,-1,0
14_12_1_stop0,73,-1,0
14_12_1_stop1,74,-1,0
14_12_1_stop2,75,-1,0
14_12_1_stop3,76,-1,0
14_12_1_stop4,77,-1,0
14_12_1_stop5,78,-1,0
14_12_1_stop6,79,-1,0
14_12_1_stop7,80,-1,0
14_12_1_stop8,81,-1,0
14_12_1_stop9,82,-1,0
14_12_1_stop10,83,-1,0
14_12_1_stop11,84,-1,0
14_12_1_stop12,85,-1,0
14_12_1_stop13,86,-1,0
14_12_1_stop14,87,-1,0
14_12_1_stop15,88,-1,0
14_12_1_stop16,89,-1,0
14_12_1_stop17,90,-1,0
14_12_1_stop18,91,-1,0
14_12_1_stop19,92,-1,0
14_12_1_stop20,93,-1,0
14_12_1_stop21,94,-1,0
14_12_1_stop22,95,-1,0
14_12_1_stop23,96,-1,0
14_12_1_stop24,97,-1,0
14_12_1_stop25,98,-1,0
14_12_1_stop26,99,-1,0
14_12_1_stop27,100,-1,0
14_12_1_stop28,101,-1,0
14_12_1_stop29,102,-1,0
14_12_1_stop30,103,-1,0
14_12_1_stop31,104,-1,0
14_12_1_stop32,105,-1,0
14_12_1_stop33,106,-1,0
14_12_1_stop34,107,-1,0
14_12_1_stop35,108,-1,0
14_12_1_stop36,109,-1,0
14_12_1_stop37,110,-1,0
14_12_1_stop38,111,-1,0
14_13_1_stop0,112,-1,0
14_13_1_stop1,113,-1,0
14_13_1_stop2,114,-1,0
14_13_1_stop3,115,-1,0
14_13_1_stop4,116,-1,0
14_13_1_stop5,117,-1,0
14_13_1_stop6,118,-1,0
14_13_1_stop7,119,-1,0
14_13_1_stop8,120,-1,0
14_13_1_stop9,121,-1,0
14_13_1_stop10,122,-1,0
14_13_1_stop11,123,-1,0
14_13_1_stop12,124,-1,0
14_13_1_stop13,125,-1,0
14_13_1_stop14,126,-1,0
14_13_1_stop15,127,-1,0
14_13_1_stop16,128,-1,0
14_13_1_stop17,129,-1,0
14_13_1_stop18,130,-1,0
14_13_1_stop19,131,-1,0
14_13_1_stop20,132,-1,0
14_13_1_stop21,133,-1,0
14_13_1_stop22,134,-1,0
14_13_1_stop23,135,-1,0
14_13_1_stop24,136,-1,0
14_13_1_stop25,137,-1,0
14_13_1_stop26,138,-1,0
14_13_1_stop27,139,-1,0
14_13_1_stop28,140,-1,0
14_13_1_stop29,141,-1,0
17_14_0_stop0,142,-1,0
17_14_0_stop1,143,-1,0
17_14_0_stop2,144,-1,0
17_14_0_stop3,145,-1,0
17_14_0_stop4,146,-1,0
17_14_0_stop5,147,-1,0
17_14_0_stop6,148,-1,0
17_14_0_stop7,149,-1,0
17_14_0_stop8,150,-1,0
17_14_0_stop9,151,-1,0
17_14_0_stop10,152,-1,0
17_14_0_stop11,153,-1,0
17_14_0_stop12,154,-1,0
17_14_0_stop13,155,-1,0
17_14_0_stop14,156,-1,0
17_14_0_stop15,157,-1,0
17_14_0_stop16,158,-1,0
17_14_0_stop17,159,-1,0
17_14_0_stop18,160,-1,0
17_14_0_stop19,161,-1,0
17_14_0_stop20,162,-1,0
17_14_0_stop21,163,-1,0
17_14_0_stop22,164,-1,0
17_15_1_stop0,165,-1,0
17_15_1_stop1,166,-1,0
17_15_1_stop2,167,-1,0
17_15_1_stop3,168,-1,0
17_15_1_stop4,169,-1,0
17_15_1_stop5,170,-1,0
17_15_1_stop6,171,-1,0
17_15_1_stop7,172,-1,0
17_15_1_stop8,173,-1,0
17_15_1_stop9,174,-1,0
17_15_1_stop10,175,-1,0
17_15_1_stop11,176,-1,0
17_15_1_stop12,177,-1,0
17_15_1_stop13,178,-1,0
17_15_1_stop14,179,-1,0
17_15_1_stop15,180,-1,0
17_15_1_stop16,181,-1,0
17_15_1_stop17,182,-1,0
17_15_1_stop18,183,-1,0
1_0_1_stop0,184,-1,0
1_0_1_stop1,185,-1,0
1_0_1_stop2,186,-1,0
1_0_1_stop3,187,-1,0
1_0_1_stop4,188,-1,0
1_0_1_stop5,189,-1,0
1_0_1_stop6,190,-1,0
1_0_1_stop7,191,-1,0
1_0_1_stop8,192,-1,0
1_0_1_stop9,193,-1,0
1_0_1_stop10,194,-1,0
1_0_1_stop11,195,-1,0
1_0_1_stop12,196,-1,0
1_0_1_stop13,197,-1,0
1_0_1_stop14,198,-1,0
1_0_1_stop15,199,-1,0
1_0_1_stop16,200,-1,0
1_0_1_stop17,201,-1,0
1_0_1_stop18,202,-1,0
1_0_1_stop19,203,-1,0
1_0_1_stop20,204,-1,0
1_0_1_stop21,205,-1,0
1_0_1_stop22,206,-1,0
1_0_1_stop23,207,-1,0
1_0_1_stop24,208,-1,0
1_0_1_stop25,209,-1,0
1_0_1_stop26,210,-1,0
1_0_1_stop27,211,-1,0
1_0_1_stop28,212,-1,0
1_0_1_stop29,213,-1,0
1_0_1_stop30,214,-1,0
1_0_1_stop31,215,-1,0
1_0_1_stop32,216,-1,0
1_0_1_stop33,217,-1,0
1_0_1_stop34,218,-1,0
1_0_1_stop35,219,-1,0
1_0_1_stop36,220,-1,0
1_0_1_stop37,221,-1,0
1_0_1_stop38,222,-1,0
1_0_1_stop39,223,-1,0
1_0_1_stop40,224,-1,0
1_0_1_stop41,225,-1,0
1_0_1_stop42,226,-1,0
1_0_1_stop43,227,-1,0
1_0_1_stop44,228,-1,0
1_0_1_stop45,229,-1,0
1_0_1_stop46,230,-1,0
1_0_1_stop47,231,-1,0
1_0_1_stop48,232,-1,0
1_0_1_stop49,233,-1,0
1_0_1_stop50,234,-1,0
1_0_1_stop51,235,-1,0
1_0_1_stop52,236,-1,0
1_0_1_stop53,237,-1,0
1_0_1_stop54,238,-1,0
1_0_1_stop55,239,-1,0
1_0_1_stop56,240,-1,0
1_0_1_stop57,241,-1,0
1_0_1_stop58,242,-1,0
1_0_1_stop59,243,-1,0
1_0_1_stop60,244,-1,0
1_0_1_stop61,245,-1,0
1_0_1_stop62,246,-1,0
1_0_1_stop63,247,-1,0
1_0_1_stop64,248,-1,0
1_0_1_stop65,249,-1,0
1_1_0_stop0,250,-1,0
1_1_0_stop1,251,-1,0
1_1_0_stop2,252,-1,0
1_1_0_stop3,253,-1,0
1_1_0_stop4,254,-1,0
1_1_0_stop5,255,-1,0
1_1_0_stop6,256,-1,0
1_1_0_stop7,257,-1,0
1_1_0_stop8,258,-1,0
1_1_0_stop9,259,-1,0
1_1_0_stop10,260,-1,0
1_1_0_stop11,261,-1,0
1_1_0_stop12,262,-1,0
1_1_0_stop13,263,-1,0
1_1_0_stop14,264,-1,0
1_1_0_stop15,265,-1,0
1_1_0_stop16,266,-1,0
1_1_0_stop17,267,-1,0
1_1_0_stop18,268,-1,0
1_1_0_stop19,269,-1,0
1_1_0_stop20,270,-1,0
1_1_0_stop21,271,-1,0
1_1_0_stop22,272,-1,0
1_1_0_stop23,273,-1,0
1_1_0_stop24,274,-1,0
1_1_0_stop25,275,-1,0
1_1_0_stop26,276,-1,0
1_1_0_stop27,277,-1,0
1_1_0_stop28,278,-1,0
1_1_0_stop29,279,-1,0
1_1_0_stop30,280,-1,0
1_1_0_stop31,281,-1,0
1_1_0_stop32,282,-1,0
1_1_0_stop33,283,-1,0
1_1_0_stop34,284,-1,0
1_1_0_stop35,285,-1,0
1_1_0_stop36,286,-1,0
1_1_0_stop37,287,-1,0
1_1_0_stop38,288,-1,0
1_1_0_stop39,289,-1,0
1_1_0_stop40,290,-1,0
1_1_0_stop41,291,-1,0
1_1_0_stop42,292,-1,0
1_1_0_stop43,293,-1,0
1_1_0_stop44,294,-1,0
1_1_0_stop45,295,-1,0
1_1_0_stop46,296,-1,0
1_1_0_stop47,297,-1,0
1_1_0_stop48,298,-1,0
1_1_0_stop49,299,-1,0
1_1_0_stop50,300,-1,0
1_1_0_stop51,301,-1,0
1_1_0_stop52,302,-1,0
1_1_0_stop53,303,-1,0
1_1_0_stop54,304,-1,0
1_1_0_stop55,305,-1,0
1_1_0_stop56,306,-1,0
1_1_0_stop57,307,-1,0
1_1_0_stop58,308,-1,0
1_1_0_stop59,309,-1,0
1_1_0_stop60,310,-1,0
1_1_0_stop61,311,-1,0
1_1_0_stop62,312,-1,0
1_1_0_stop63,313,-1,0
1_1_0_stop64,314,-1,0
1_1_0_stop65,315,-1,0
1_1_0_stop66,316,-1,0
1_1_0_stop67,317,-1,0
1_1_0_stop68,318,-1,0
1_1_0_stop69,319,-1,0
1_2_1_stop0,320,-1,0
1_2_1_stop1,321,-1,0
1_2_1_stop2,322,-1,0
1_2_1_stop3,323,-1,0
1_2_1_stop4,324,-1,0
1_2_1_stop5,325,-1,0
1_2_1_stop6,326,-1,0
1_2_1_stop7,327,-1,0
1_2_1_stop8,328,-1,0
1_2_1_stop9,329,-1,0
1_2_1_stop10,330,-1,0
1_2_1_stop11,331,-1,0
1_2_1_stop12,332,-1,0
1_2_1_stop13,333,-1,0
1_2_1_stop14,334,-1,0
1_2_1_stop15,335,-1,0
1_2_1_stop16,336,-1,0
1_2_1_stop17,337,-1,0
1_2_1_stop18,338,-1,0
1_2_1_stop19,339,-1,0
1_2_1_stop20,340,-1,0
1_2_1_stop21,341,-1,0
1_2_1_stop22,342,-1,0
1_2_1_stop23,343,-1,0
1_2_1_stop24,344,-1,0
1_2_1_stop25,345,-1,0
1_2_1_stop26,346,-1,0
1_2_1_stop27,347,-1,0
1_2_1_stop28,348,-1,0
1_2_1_stop29,349,-1,0
1_2_1_stop30,350,-1,0
1_2_1_stop31,351,-1,0
1_2_1_stop32,352,-1,0
1_2_1_stop33,353,-1,0
1_2_1_stop34,354,-1,0
1_2_1_stop35,355,-1,0
1_2_1_stop36,356,-1,0
1_2_1_stop37,357,-1,0
1_2_1_stop38,358,-1,0
1_2_1_stop39,359,-1,0
1_2_1_stop40,360,-1,0
1_2_1_stop41,361,-1,0
1_2_1_stop42,362,-1,0
1_2_1_stop43,363,-1,0
1_2_1_stop44,364,-1,0
1_2_1_stop45,365,-1,0
1_2_1_stop46,366,-1,0
1_2_1_stop47,367,-1,0
1_2_1_stop48,368,-1,0
1_2_1_stop49,369,-1,0
1_2_1_stop50,370,-1,0
1_2_1_stop51,371,-1,0
1_2_1_stop52,372,-1,0
1_2_1_stop53,373,-1,0
1_2_1_stop54,374,-1,0
1_2_1_stop55,375,-1,0
1_2_1_stop56,376,-1,0
1_2_1_stop57,377,-1,0
1_2_1_stop58,378,-1,0
1_2_1_stop59,379,-1,0
22_18_1_stop0,380,-1,0
22_18_1_stop1,381,-1,0
22_18_1_stop2,382,-1,0
22_18_1_stop3,383,-1,0
22_18_1_stop4,384,-1,0
22_18_1_stop5,385,-1,0
22_18_1_stop6,386,-1,0
22_18_1_stop7,387,-1,0
22_18_1_stop8,388,-1,0
22_18_1_stop9,389,-1,0
22_18_1_stop10,390,-1,0
22_18_1_stop11,391,-1,0
22_18_1_stop12,392,-1,0
22_18_1_stop13,393,-1,0
22_18_1_stop14,394,-1,0
22_18_1_stop15,395,-1,0
22_18_1_stop16,396,-1,0
22_18_1_stop17,397,-1,0
22_18_1_stop18,398,-1,0
22_18_1_stop19,399,-1,0
22_18_1_stop20,400,-1,0
22_18_1_stop21,401,-1,0
22_18_1_stop22,402,-1,0
22_18_1_stop23,403,-1,0
22_18_1_stop24,404,-1,0
22_18_1_stop25,405,-1,0
22_18_1_stop26,406,-1,0
22_18_1_stop27,407,-1,0
22_18_1_stop28,408,-1,0
22_18_1_stop29,409,-1,0
22_18_1_stop30,410,-1,0
22_18_1_stop31,411,-1,0
22_18_1_stop32,412,-1,0
22_18_1_stop33,413,-1,0
22_18_1_stop34,414,-1,0
22_18_1_stop35,415,-1,0
22_18_1_stop36,416,-1,0
22_18_1_stop37,417,-1,0
22_18_1_stop38,418,-1,0
22_18_1_stop39,419,-1,0
22_18_1_stop40,420,-1,0
22_18_1_stop41,421,-1,0
22_18_1_stop42,422,-1,0
22_18_1_stop43,423,-1,0
22_19_0_stop0,424,-1,0
22_19_0_stop1,425,-1,0
22_19_0_stop2,426,-1,0
22_19_0_stop3,427,-1,0
22_19_0_stop4,428,-1,0
22_19_0_stop5,429,-1,0
22_19_0_stop6,430,-1,0
22_19_0_stop7,431,-1,0
22_19_0_stop8,432,-1,0
22_19_0_stop9,433,-1,0
22_19_0_stop10,434,-1,0
22_19_0_stop11,435,-1,0
22_19_0_stop12,436,-1,0
22_19_0_stop13,437,-1,0
22_19_0_stop14,438,-1,0
22_19_0_stop15,439,-1,0
22_19_0_stop16,440,-1,0
22_19_0_stop17,441,-1,0
22_19_0_stop18,442,-1,0
22_19_0_stop19,443,-1,0
22_19_0_stop20,444,-1,0
22_19_0_stop21,445,-1,0
22_19_0_stop22,446,-1,0
22_19_0_stop23,447,-1,0
22_19_0_stop24,448,-1,0
22_19_0_stop25,449,-1,0
22_19_0_stop26,450,-1,0
22_19_0_stop27,451,-1,0
22_19_0_stop28,452,-1,0
22_19_0_stop29,453,-1,0
22_19_0_stop30,454,-1,0
22_19_0_stop31,455,-1,0
22_19_0_stop32,456,-1,0
22_19_0_stop33,457,-1,0
22_19_0_stop34,458,-1,0
22_19_0_stop35,459,-1,0
22_19_0_stop36,460,-1,0
22_19_0_stop37,461,-1,0
22_19_0_stop38,462,-1,0
22_19_0_stop39,463,-1,0
22_19_0_stop40,464,-1,0
22_19_0_stop41,465,-1,0
22_19_0_stop42,466,-1,0
22_19_0_stop43,467,-1,0
22_19_0_stop44,468,-1,0
22_19_0_stop45,469,-1,0
22_19_0_stop46,470,-1,0
22_19_0_stop47,471,-1,0
22_19_0_stop48,472,-1,0
22_19_0_stop49,473,-1,0
22_19_0_stop50,474,-1,0
22_19_0_stop51,475,-1,0
22_19_0_stop52,476,-1,0
22_19_0_stop53,477,-1,0
22_19_0_stop54,478,-1,0
22_19_0_stop55,479,-1,0
22_19_0_stop56,480,-1,0
22_19_0_stop57,481,-1,0
22_20_1_stop0,482,-1,0
22_20_1_stop1,483,-1,0
22_20_1_stop2,484,-1,0
22_20_1_stop3,485,-1,0
22_20_1_stop4,486,-1,0
22_20_1_stop5,487,-1,0
22_20_1_stop6,488,-1,0
22_20_1_stop7,489,-1,0
22_20_1_stop8,490,-1,0
22_20_1_stop9,491,-1,0
22_20_1_stop10,492,-1,0
22_20_1_stop11,493,-1,0
22_20_1_stop12,494,-1,0
22_20_1_stop13,495,-1,0
22_20_1_stop14,496,-1,0
22_20_1_stop15,497,-1,0
22_20_1_stop16,498,-1,0
22_20_1_stop17,499,-1,0
22_20_1_stop18,500,-1,0
22_20_1_stop19,501,-1,0
22_20_1_stop20,502,-1,0
22_20_1_stop21,503,-1,0
22_20_1_stop22,504,-1,0
22_20_1_stop23,505,-1,0
22_20_1_stop24,506,-1,0
22_20_1_stop25,507,-1,0
22_20_1_stop26,508,-1,0
22_20_1_stop27,509,-1,0
22_20_1_stop28,510,-1,0
22_20_1_stop29,511,-1,0
22_20_1_stop30,512,-1,0
22_20_1_stop31,513,-1,0
22_20_1_stop32,514,-1,0
22_20_1_stop33,515,-1,0
22_20_1_stop34,516,-1,0
22_20_1_stop35,517,-1,0
22_20_1_stop36,518,-1,0
22_20_1_stop37,519,-1,0
22_20_1_stop38,520,-1,0
22_20_1_stop39,521,-1,0
22_20_1_stop40,522,-1,0
22_20_1_stop41,523,-1,0
22_21_0_stop0,524,-1,0
22_21_0_stop1,525,-1,0
22_21_0_stop2,526,-1,0
22_21_0_stop3,527,-1,0
22_21_0_stop4,528,-1,0
22_21_0_stop5,529,-1,0
22_21_0_stop6,530,-1,0
22_21_0_stop7,531,-1,0
22_21_0_stop8,532,-1,0
22_21_0_stop9,533,-1,0
22_21_0_stop10,534,-1,0
22_21_0_stop11,535,-1,0
22_21_0_stop12,536,-1,0
22_21_0_stop13,537,-1,0
22_21_0_stop14,538,-1,0
22_21_0_stop15,539,-1,0
22_21_0_stop16,540,-1,0
22_21_0_stop17,541,-1,0
22_21_0_stop18,542,-1,0
22_21_0_stop19,543,-1,0
22_21_0_stop20,544,-1,0
22_21_0_stop21,545,-1,0
22_21_0_stop22,546,-1,0
22_21_0_stop23,547,-1,0
22_21_0_stop24,548,-1,0
22_21_0_stop25,549,-1,0
22_21_0_stop26,550,-1,0
22_21_0_stop27,551,-1,0
22_21_0_stop28,552,-1,0
22_21_0_stop29,553,-1,0
22_21_0_stop30,554,-1,0
22_21_0_stop31,555,-1,0
22_21_0_stop32,556,-1,0
22_21_0_stop33,557,-1,0
22_21_0_stop34,558,-1,0
22_21_0_stop35,559,-1,0
22_21_0_stop36,560,-1,0
22_21_0_stop37,561,-1,0
22_21_0_stop38,562,-1,0
22_21_0_stop39,563,-1,0
23_22_1_stop0,564,-1,0
23_22_1_stop1,565,-1,0
23_22_1_stop2,566,-1,0
23_22_1_stop3,567,-1,0
23_22_1_stop4,568,-1,0
23_22_1_stop5,569,-1,0
23_22_1_stop6,570,-1,0
23_22_1_stop7,571,-1,0
23_22_1_stop8,572,-1,0
23_22_1_stop9,573,-1,0
23_22_1_stop10,574,-1,0
23_22_1_stop11,575,-1,0
23_22_1_stop12,576,-1,0
23_22_1_stop13,577,-1,0
23_22_1_stop14,578,-1,0
23_22_1_stop15,579,-1,0
23_22_1_stop16,580,-1,0
23_22_1_stop17,581,-1,0
23_22_1_stop18,582,-1,0
23_22_1_stop19,583,-1,0
23_22_1_stop20,584,-1,0
23_22_1_stop21,585,-1,0
23_22_1_stop22,586,-1,0
23_22_1_stop23,587,-1,0
23_22_1_stop24,588,-1,0
23_22_1_stop25,589,-1,0
23_22_1_stop26,590,-1,0
23_22_1_stop27,591,-1,0
23_22_1_stop28,592,-1,0
23_22_1_stop29,593,-1,0
23_22_1_stop30,594,-1,0
23_22_1_stop31,595,-1,0
23_22_1_stop32,596,-1,0
23_22_1_stop33,597,-1,0
23_22_1_stop34,598,-1,0
23_22_1_stop35,599,-1,0
23_22_1_stop36,600,-1,0
23_22_1_stop37,601,-1,0
23_22_1_stop38,602,-1,0
23_22_1_stop39,603,-1,0
23_22_1_stop40,604,-1,0
23_22_1_stop41,605,-1,0
23_22_1_stop42,606,-1,0
23_22_1_stop43,607,-1,0
23_22_1_stop44,608,-1,0
23_22_1_stop45,609,-1,0
23_22_1_stop46,610,-1,0
23_22_1_stop47,611,-1,0
23_22_1_stop48,612,-1,0
23_22_1_stop49,613,-1,0
23_22_1_stop50,614,-1,0
23_22_1_stop51,615,-1,0
23_22_1_stop52,616,-1,0
23_22_1_stop53,617,-1,0
23_22_1_stop54,618,-1,0
23_22_1_stop55,619,-1,0
23_22_1_stop56,620,-1,0
23_22_1_stop57,621,-1,0
23_22_1_stop58,622,-1,0
23_22_1_stop59,623,-1,0
23_22_1_stop60,624,-1,0
23_22_1_stop61,625,-1,0
23_22_1_stop62,626,-1,0
23_23_0_stop0,627,-1,0
23_23_0_stop1,628,-1,0
23_23_0_stop2,629,-1,0
23_23_0_stop3,630,-1,0
23_23_0_stop4,631,-1,0
23_23_0_stop5,632,-1,0
23_23_0_stop6,633,-1,0
23_23_0_stop7,634,-1,0
23_23_0_stop8,635,-1,0
23_23_0_stop9,636,-1,0
23_23_0_stop10,637,-1,0
23_23_0_stop11,638,-1,0
23_23_0_stop12,639,-1,0
23_23_0_stop13,640,-1,0
23_23_0_stop14,641,-1,0
23_23_0_stop15,642,-1,0
23_23_0_stop16,643,-1,0
23_23_0_stop17,644,-1,0
25_24_1_stop0,645,-1,0
25_24_1_stop1,646,-1,0
25_24_1_stop2,647,-1,0
25_24_1_stop3,648,-1,0
25_24_1_stop4,649,-1,0
25_24_1_stop5,650,-1,0
25_24_1_stop6,651,-1,0
25_24_1_stop7,652,-1,0
25_24_1_stop8,653,-1,0
25_24_1_stop9,654,-1,0
25_24_1_stop10,655,-1,0
25_24_1_stop11,656,-1,0
25_24_1_stop12,657,-1,0
25_24_1_stop13,658,-1,0
25_24_1_stop14,659,-1,0
25_24_1_stop15,660,-1,0
25_24_1_stop16,661,-1,0
25_24_1_stop17,662,-1,0
25_24_1_stop18,663,-1,0
25_24_1_stop19,664,-1,0
25_24_1_stop20,665,-1,0
25_24_1_stop21,666,-1,0
25_24_1_stop22,667,-1,0
25_24_1_stop23,668,-1,0
25_24_1_stop24,669,-1,0
25_24_1_stop25,670,-1,0
25_24_1_stop26,671,-1,0
25_24_1_stop27,672,-1,0
25_24_1_stop28,673,-1,0
25_24_1_stop29,674,-1,0
25_24_1_stop30,675,-1,0
25_24_1_stop31,676,-1,0
25_24_1_stop32,677,-1,0
25_24_1_stop33,678,-1,0
25_24_1_stop34,679,-1,0
25_24_1_stop35,680,-1,0
25_24_1_stop36,681,-1,0
25_24_1_stop37,682,-1,0
25_24_1_stop38,683,-1,0
25_24_1_stop39,684,-1,0
25_24_1_stop40,685,-1,0
25_24_1_stop41,686,-1,0
25_24_1_stop42,687,-1,0
25_24_1_stop43,688,-1,0
25_24_1_stop44,689,-1,0
25_24_1_stop45,690,-1,0
25_24_1_stop46,691,-1,0
25_24_1_stop47,692,-1,0
25_24_1_stop48,693,-1,0
25_24_1_stop49,694,-1,0
25_24_1_stop50,695,-1,0
25_24_1_stop51,696,-1,0
25_24_1_stop52,697,-1,0
25_24_1_stop53,698,-1,0
25_24_1_stop54,699,-1,0
25_24_1_stop55,700,-1,0
25_24_1_stop56,701,-1,0
25_24_1_stop57,702,-1,0
25_24_1_stop58,703,-1,0
25_24_1_stop59,704,-1,0
25_24_1_stop60,705,-1,0
25_24_1_stop61,706,-1,0
25_24_1_stop62,707,-1,0
25_24_1_stop63,708,-1,0
25_24_1_stop64,709,-1,0
25_24_1_stop65,710,-1,0
25_24_1_stop66,711,-1,0
25_24_1_stop67,712,-1,0
25_24_1_stop68,713,-1,0
25_24_1_stop69,714,-1,0
25_24_1_stop70,715,-1,0
25_25_0_stop0,716,-1,0
25_25_0_stop1,717,-1,0
25_25_0_stop2,718,-1,0
25_25_0_stop3,719,-1,0
25_25_0_stop4,720,-1,0
25_25_0_stop5,721,-1,0
25_25_0_stop6,722,-1,0
25_25_0_stop7,723,-1,0
25_25_0_stop8,724,-1,0
25_25_0_stop9,725,-1,0
25_25_0_stop10,726,-1,0
25_25_0_stop11,727,-1,0
25_25_0_stop12,728,-1,0
25_25_0_stop13,729,-1,0
25_25_0_stop14,730,-1,0
25_25_0_stop15,731,-1,0
25_25_0_stop16,732,-1,0
25_25_0_stop17,733,-1,0
25_25_0_stop18,734,-1,0
25_25_0_stop19,735,-1,0
25_25_0_stop20,736,-1,0
25_25_0_stop21,737,-1,0
25_25_0_stop22,738,-1,0
25_25_0_stop23,739,-1,0
25_25_0_stop24,740,-1,0
25_25_0_stop25,741,-1,0
25_25_0_stop26,742,-1,0
25_25_0_stop27,743,-1,0
25_25_0_stop28,744,-1,0
25_25_0_stop29,745,-1,0
25_25_0_stop30,746,-1,0
25_25_0_stop31,747,-1,0
25_25_0_stop32,748,-1,0
25_25_0_stop33,749,-1,0
25_25_0_stop34,750,-1,0
25_25_0_stop35,751,-1,0
25_25_0_stop36,752,-1,0
25_25_0_stop37,753,-1,0
25_25_0_stop38,754,-1,0
25_25_0_stop39,755,-1,0
25_25_0_stop40,756,-1,0
25_25_0_stop41,757,-1,0
25_25_0_stop42,758,-1,0
25_25_0_stop43,759,-1,0
25_25_0_stop44,760,-1,0
25_25_0_stop45,761,-1,0
25_25_0_stop46,762,-1,0
25_25_0_stop47,763,-1,0
25_25_0_stop48,764,-1,0
25_25_0_stop49,765,-1,0
25_25_0_stop50,766,-1,0
25_25_0_stop51,767,-1,0
25_25_0_stop52,768,-1,0
25_25_0_stop53,769,-1,0
25_25_0_stop54,770,-1,0
25_25_0_stop55,771,-1,0
25_25_0_stop56,772,-1,0
25_25_0_stop57,773,-1,0
25_25_0_stop58,774,-1,0
25_25_0_stop59,775,-1,0
25_25_0_stop60,776,-1,0
25_25_0_stop61,777,-1,0
25_25_0_stop62,778,-1,0
25_25_0_stop63,779,-1,0
25_25_0_stop64,780,-1,0
25_25_0_stop65,781,-1,0
25_25_0_stop66,782,-1,0
25_25_0_stop67,783,-1,0
25_25_0_stop68,784,-1,0
25_25_0_stop69,785,-1,0
25_25_0_stop70,786,-1,0
25_25_0_stop71,787,-1,0
25_25_0_stop72,788,-1,0
25_25_0_stop73,789,-1,0
25_25_0_stop74,790,-1,0
25_25_0_stop75,791,-1,0
25_25_0_stop76,792,-1,0
280_38_0_stop0,793,-1,0
280_38_0_stop1,794,-1,0
280_38_0_stop2,795,-1,0
280_38_0_stop3,796,-1,0
280_38_0_stop4,797,-1,0
280_38_0_stop5,798,-1,0
280_38_0_stop6,799,-1,0
280_38_0_stop7,800,-1,0
280_38_0_stop8,801,-1,0
280_38_0_stop9,802,-1,0
280_38_0_stop10,803,-1,0
280_38_0_stop11,804,-1,0
280_38_0_stop12,805,-1,0
280_38_0_stop13,806,-1,0
280_38_0_stop14,807,-1,0
280_38_0_stop15,808,-1,0
280_38_0_stop16,809,-1,0
280_38_0_stop17,810,-1,0
280_38_0_stop18,811,-1,0
280_38_0_stop19,812,-1,0
280_38_0_stop20,813,-1,0
280_38_0_stop21,814,-1,0
280_38_0_stop22,815,-1,0
280_38_0_stop23,816,-1,0
280_38_0_stop24,817,-1,0
280_38_0_stop25,818,-1,0
280_38_0_stop26,819,-1,0
280_38_0_stop27,820,-1,0
280_38_0_stop28,821,-1,0
280_39_1_stop0,822,-1,0
280_39_1_stop1,823,-1,0
280_39_1_stop2,824,-1,0
280_39_1_stop3,825,-1,0
280_39_1_stop4,826,-1,0
280_39_1_stop5,827,-1,0
280_39_1_stop6,828,-1,0
280_39_1_stop7,829,-1,0
280_39_1_stop8,830,-1,0
280_39_1_stop9,831,-1,0
280_39_1_stop10,832,-1,0
280_39_1_stop11,833,-1,0
280_39_1_stop12,834,-1,0
280_39_1_stop13,835,-1,0
280_39_1_stop14,836,-1,0
280_39_1_stop15,837,-1,0
280_39_1_stop16,838,-1,0
280_39_1_stop17,839,-1,0
280_39_1_stop18,840,-1,0
280_39_1_stop19,841,-1,0
280_39_1_stop20,842,-1,0
280_39_1_stop21,843,-1,0
280_39_1_stop22,844,-1,0
280_39_1_stop23,845,-1,0
280_39_1_stop24,846,-1,0
280_39_1_stop25,847,-1,0
280_39_1_stop26,848,-1,0
31_26_0_stop0,849,-1,0
31_26_0_stop1,850,-1,0
31_26_0_stop2,851,-1,0
31_26_0_stop3,852,-1,0
31_26_0_stop4,853,-1,0
31_26_0_stop5,854,-1,0
31_26_0_stop6,855,-1,0
31_26_0_stop7,856,-1,0
31_26_0_stop8,857,-1,0
31_26_0_stop9,858,-1,0
31_26_0_stop10,859,-1,0
31_26_0_stop11,860,-1,0
31_26_0_stop12,861,-1,0
31_26_0_stop13,862,-1,0
31_26_0_stop14,863,-1,0
31_26_0_stop15,864,-1,0
31_26_0_stop16,865,-1,0
31_26_0_stop17,866,-1,0
31_26_0_stop18,867,-1,0
31_26_0_stop19,868,-1,0
31_26_0_stop20,869,-1,0
31_26_0_stop21,870,-1,0
31_26_0_stop22,871,-1,0
31_26_0_stop23,872,-1,0
31_26_0_stop24,873,-1,0
31_26_0_stop25,874,-1,0
31_26_0_stop26,875,-1,0
31_26_0_stop27,876,-1,0
31_26_0_stop28,877,-1,0
31_26_0_stop29,878,-1,0
31_26_0_stop30,879,-1,0
31_26_0_stop31,880,-1,0
31_27_1_stop0,881,-1,0
31_27_1_stop1,882,-1,0
31_27_1_stop2,883,-1,0
31_27_1_stop3,884,-1,0
31_27_1_stop4,885,-1,0
31_27_1_stop5,886,-1,0
31_27_1_stop6,887,-1,0
31_27_1_stop7,888,-1,0
31_27_1_stop8,889,-1,0
31_27_1_stop9,890,-1,0
31_27_1_stop10,891,-1,0
31_27_1_stop11,892,-1,0
31_27_1_stop12,893,-1,0
31_27_1_stop13,894,-1,0
31_27_1_stop14,895,-1,0
31_27_1_stop15,896,-1,0
31_27_1_stop16,897,-1,0
31_27_1_stop17,898,-1,0
31_27_1_stop18,899,-1,0
31_27_1_stop19,900,-1,0
31_27_1_stop20,901,-1,0
31_27_1_stop21,902,-1,0
31_27_1_stop22,903,-1,0
31_27_1_stop23,904,-1,0
31_27_1_stop24,905,-1,0
31_27_1_stop25,906,-1,0
31_27_1_stop26,907,-1,0
31_27_1_stop27,908,-1,0
31_27_1_stop28,909,-1,0
31_27_1_stop29,910,-1,0
31_27_1_stop30,911,-1,0
3_3_1_stop0,912,-1,0
3_3_1_stop1,913,-1,0
3_3_1_stop2,914,-1,0
3_3_1_stop3,915,-1,0
3_3_1_stop4,916,-1,0
3_3_1_stop5,917,-1,0
3_3_1_stop6,918,-1,0
3_3_1_stop7,919,-1,0
3_3_1_stop8,920,-1,0
3_3_1_stop9,921,-1,0
3_3_1_stop10,922,-1,0
3_3_1_stop11,923,-1,0
3_3_1_stop12,924,-1,0
3_3_1_stop13,925,-1,0
3_3_1_stop14,926,-1,0
3_3_1_stop15,927,-1,0
3_3_1_stop16,928,-1,0
3_3_1_stop17,929,-1,0
3_3_1_stop18,930,-1,0
3_3_1_stop19,931,-1,0
3_3_1_stop20,932,-1,0
3_3_1_stop21,933,-1,0
3_3_1_stop22,934,-1,0
3_3_1_stop23,935,-1,0
3_3_1_stop24,936,-1,0
3_3_1_stop25,937,-1,0
3_3_1_stop26,938,-1,0
3_3_1_stop27,939,-1,0
3_3_1_stop28,940,-1,0
3_3_1_stop29,941,-1,0
3_3_1_stop30,942,-1,0
3_3_1_stop31,943,-1,0
3_3_1_stop32,944,-1,0
3_3_1_stop33,945,-1,0
3_3_1_stop34,946,-1,0
3_3_1_stop35,947,-1,0
3_3_1_stop36,948,-1,0
3_3_1_stop37,949,-1,0
3_3_1_stop38,950,-1,0
3_3_1_stop39,951,-1,0
3_3_1_stop40,952,-1,0
3_3_1_stop41,953,-1,0
3_3_1_stop42,954,-1,0
3_3_1_stop43,955,-1,0
3_3_1_stop44,956,-1,0
3_3_1_stop45,957,-1,0
3_3_1_stop46,958,-1,0
3_3_1_stop47,959,-1,0
3_4_0_stop0,960,-1,0
3_4_0_stop1,961,-1,0
3_4_0_stop2,962,-1,0
3_4_0_stop3,963,-1,0
3_4_0_stop4,964,-1,0
3_4_0_stop5,965,-1,0
3_4_0_stop6,966,-1,0
3_4_0_stop7,967,-1,0
3_4_0_stop8,968,-1,0
3_4_0_stop9,969,-1,0
3_4_0_stop10,970,-1,0
3_4_0_stop11,971,-1,0
3_4_0_stop12,972,-1,0
3_4_0_stop13,973,-1,0
3_4_0_stop14,974,-1,0
3_4_0_stop15,975,-1,0
3_4_0_stop16,976,-1,0
3_4_0_stop17,977,-1,0
3_4_0_stop18,978,-1,0
3_4_0_stop19,979,-1,0
3_4_0_stop20,980,-1,0
3_4_0_stop21,981,-1,0
3_4_0_stop22,982,-1,0
3_4_0_stop23,983,-1,0
3_4_0_stop24,984,-1,0
3_4_0_stop25,985,-1,0
3_4_0_stop26,986,-1,0
3_4_0_stop27,987,-1,0
3_4_0_stop28,988,-1,0
3_4_0_stop29,989,-1,0
3_4_0_stop30,990,-1,0
3_4_0_stop31,991,-1,0
3_4_0_stop32,992,-1,0
3_4_0_stop33,993,-1,0
3_4_0_stop34,994,-1,0
3_4_0_stop35,995,-1,0
3_4_0_stop36,996,-1,0
3_4_0_stop37,997,-1,0
3_4_0_stop38,998,-1,0
3_4_0_stop39,999,-1,0
3_4_0_stop40,1000,-1,0
3_4_0_stop41,1001,-1,0
3_4_0_stop42,1002,-1,0
3_4_0_stop43,1003,-1,0
3_4_0_stop44,1004,-1,0
3_4_0_stop45,1005,-1,0
3_4_0_stop46,1006,-1,0
3_4_0_stop47,1007,-1,0
3_4_0_stop48,1008,-1,0
3_4_0_stop49,1009,-1,0
3_4_0_stop50,1010,-1,0
3_4_0_stop51,1011,-1,0
3_4_0_stop52,1012,-1,0
3_4_0_stop53,1013,-1,0
3_4_0_stop54,1014,-1,0
3_4_0_stop55,1015,-1,0
3_4_0_stop56,1016,-1,0
3_4_0_stop57,1017,-1,0
3_4_0_stop58,1018,-1,0
3_4_0_stop59,1019,-1,0
40_28_1_stop0,1020,-1,0
40_28_1_stop1,1021,-1,0
40_28_1_stop2,1022,-1,0
40_28_1_stop3,1023,-1,0
40_28_1_stop4,1024,-1,0
40_28_1_stop5,1025,-1,0
40_28_1_stop6,1026,-1,0
40_28_1_stop7,1027,-1,0
40_28_1_stop8,1028,-1,0
40_28_1_stop9,1029,-1,0
40_28_1_stop10,1030,-1,0
40_28_1_stop11,1031,-1,0
40_28_1_stop12,1032,-1,0
40_28_1_stop13,1033,-1,0
40_28_1_stop14,1034,-1,0
40_28_1_stop15,1035,-1,0
40_28_1_stop16,1036,-1,0
40_28_1_stop17,1037,-1,0
40_28_1_stop18,1038,-1,0
40_28_1_stop19,1039,-1,0
40_28_1_stop20,1040,-1,0
40_28_1_stop21,1041,-1,0
40_28_1_stop22,1042,-1,0
40_28_1_stop23,1043,-1,0
40_28_1_stop24,1044,-1,0
40_28_1_stop25,1045,-1,0
40_28_1_stop26,1046,-1,0
40_28_1_stop27,1047,-1,0
40_28_1_stop28,1048,-1,0
40_28_1_stop29,1049,-1,0
40_28_1_stop30,1050,-1,0
40_28_1_stop31,1051,-1,0
40_28_1_stop32,1052,-1,0
40_28_1_stop33,1053,-1,0
40_28_1_stop34,1054,-1,0
40_28_1_stop35,1055,-1,0
40_28_1_stop36,1056,-1,0
40_28_1_stop37,1057,-1,0
40_28_1_stop38,1058,-1,0
40_28_1_stop39,1059,-1,0
40_28_1_stop40,1060,-1,0
40_28_1_stop41,1061,-1,0
40_29_0_stop0,1062,-1,0
40_29_0_stop1,1063,-1,0
40_29_0_stop2,1064,-1,0
40_29_0_stop3,1065,-1,0
40_29_0_stop4,1066,-1,0
40_29_0_stop5,1067,-1,0
40_29_0_stop6,1068,-1,0
40_29_0_stop7,1069,-1,0
40_29_0_stop8,1070,-1,0
40_29_0_stop9,1071,-1,0
40_29_0_stop10,1072,-1,0
40_29_0_stop11,1073,-1,0
40_29_0_stop12,1074,-1,0
40_29_0_stop13,1075,-1,0
40_29_0_stop14,1076,-1,0
40_29_0_stop15,1077,-1,0
40_29_0_stop16,1078,-1,0
40_29_0_stop17,1079,-1,0
40_29_0_stop18,1080,-1,0
40_29_0_stop19,1081,-1,0
40_29_0_stop20,1082,-1,0
40_29_0_stop21,1083,-1,0
40_29_0_stop22,1084,-1,0
40_29_0_stop23,1085,-1,0
40_29_0_stop24,1086,-1,0
40_29_0_stop25,1087,-1,0
40_29_0_stop26,1088,-1,0
40_29_0_stop27,1089,-1,0
40_29_0_stop28,1090,-1,0
40_29_0_stop29,1091,-1,0
40_29_0_stop30,1092,-1,0
40_29_0_stop31,1093,-1,0
40_29_0_stop32,1094,-1,0
40_29_0_stop33,1095,-1,0
40_29_0_stop34,1096,-1,0
40_29_0_stop35,1097,-1,0
40_29_0_stop36,1098,-1,0
40_29_0_stop37,1099,-1,0
40_29_0_stop38,1100,-1,0
40_29_0_stop39,1101,-1,0
40_29_0_stop40,1102,-1,0
40_29_0_stop41,1103,-1,0
40_29_0_stop42,1104,-1,0
40_29_0_stop43,1105,-1,0
40_29_0_stop44,1106,-1,0
40_29_0_stop45,1107,-1,0
40_29_0_stop46,1108,-1,0
40_29_0_stop47,1109,-1,0
40_29_0_stop48,1110,-1,0
45_30_1_stop0,1111,-1,0
45_30_1_stop1,1112,-1,0
45_30_1_stop2,1113,-1,0
45_30_1_stop3,1114,-1,0
45_30_1_stop4,1115,-1,0
45_30_1_stop5,1116,-1,0
45_30_1_stop6,1117,-1,0
45_30_1_stop7,1118,-1,0
45_30_1_stop8,1119,-1,0
45_30_1_stop9,1120,-1,0
45_30_1_stop10,1121,-1,0
45_30_1_stop11,1122,-1,0
45_30_1_stop12,1123,-1,0
45_30_1_stop13,1124,-1,0
45_30_1_stop14,1125,-1,0
45_30_1_stop15,1126,-1,0
45_30_1_stop16,1127,-1,0
45_30_1_stop17,1128,-1,0
45_30_1_stop18,1129,-1,0
45_30_1_stop19,1130,-1,0
45_30_1_stop20,1131,-1,0
45_30_1_stop21,1132,-1,0
45_30_1_stop22,1133,-1,0
45_30_1_stop23,1134,-1,0
45_30_1_stop24,1135,-1,0
45_30_1_stop25,1136,-1,0
45_30_1_stop26,1137,-1,0
45_30_1_stop27,1138,-1,0
45_30_1_stop28,1139,-1,0
45_30_1_stop29,1140,-1,0
45_30_1_stop30,1141,-1,0
45_30_1_stop31,1142,-1,0
45_30_1_stop32,1143,-1,0
45_30_1_stop33,1144,-1,0
45_30_1_stop34,1145,-1,0
45_30_1_stop35,1146,-1,0
45_30_1_stop36,1147,-1,0
45_30_1_stop37,1148,-1,0
45_30_1_stop38,1149,-1,0
45_30_1_stop39,1150,-1,0
45_30_1_stop40,1151,-1,0
45_30_1_stop41,1152,-1,0
45_30_1_stop42,1153,-1,0
45_30_1_stop43,1154,-1,0
45_30_1_stop44,1155,-1,0
45_30_1_stop45,1156,-1,0
45_30_1_stop46,1157,-1,0
45_30_1_stop47,1158,-1,0
45_30_1_stop48,1159,-1,0
45_30_1_stop49,1160,-1,0
45_30_1_stop50,1161,-1,0
45_30_1_stop51,1162,-1,0
45_30_1_stop52,1163,-1,0
45_30_1_stop53,1164,-1,0
45_30_1_stop54,1165,-1,0
45_30_1_stop55,1166,-1,0
45_30_1_stop56,1167,-1,0
45_30_1_stop57,1168,-1,0
45_31_0_stop0,1169,-1,0
45_31_0_stop1,1170,-1,0
45_31_0_stop2,1171,-1,0
45_31_0_stop3,1172,-1,0
45_31_0_stop4,1173,-1,0
45_31_0_stop5,1174,-1,0
45_31_0_stop6,1175,-1,0
45_31_0_stop7,1176,-1,0
45_31_0_stop8,1177,-1,0
45_31_0_stop9,1178,-1,0
45_31_0_stop10,1179,-1,0
45_31_0_stop11,1180,-1,0
45_31_0_stop12,1181,-1,0
45_31_0_stop13,1182,-1,0
45_31_0_stop14,1183,-1,0
45_31_0_stop15,1184,-1,0
45_31_0_stop16,1185,-1,0
45_31_0_stop17,1186,-1,0
45_31_0_stop18,1187,-1,0
45_31_0_stop19,1188,-1,0
45_31_0_stop20,1189,-1,0
45_31_0_stop21,1190,-1,0
45_31_0_stop22,1191,-1,0
45_31_0_stop23,1192,-1,0
45_31_0_stop24,1193,-1,0
45_31_0_stop25,1194,-1,0
45_31_0_stop26,1195,-1,0
45_31_0_stop27,1196,-1,0
45_31_0_stop28,1197,-1,0
45_31_0_stop29,1198,-1,0
45_31_0_stop30,1199,-1,0
45_31_0_stop31,1200,-1,0
45_31_0_stop32,1201,-1,0
45_31_0_stop33,1202,-1,0
45_31_0_stop34,1203,-1,0
45_31_0_stop35,1204,-1,0
45_31_0_stop36,1205,-1,0
45_31_0_stop37,1206,-1,0
45_31_0_stop38,1207,-1,0
45_31_0_stop39,1208,-1,0
45_31_0_stop40,1209,-1,0
45_31_0_stop41,1210,-1,0
45_31_0_stop42,1211,-1,0
45_31_0_stop43,1212,-1,0
45_31_0_stop44,1213,-1,0
45_31_0_stop45,1214,-1,0
45_31_0_stop46,1215,-1,0
45_31_0_stop47,1216,-1,0
45_31_0_stop48,1217,-1,0
45_31_0_stop49,1218,-1,0
45_31_0_stop50,1219,-1,0
45_31_0_stop51,1220,-1,0
45_31_0_stop52,1221,-1,0
45_31_0_stop53,1222,-1,0
45_31_0_stop54,1223,-1,0
45_31_0_stop55,1224,-1,0
45_31_0_stop56,1225,-1,0
45_31_0_stop57,1226,-1,0
45_31_0_stop58,1227,-1,0
45_31_0_stop59,1228,-1,0
45_31_0_stop60,1229,-1,0
45_31_0_stop61,1230,-1,0
45_31_0_stop62,1231,-1,0
45_31_0_stop63,1232,-1,0
45_31_0_stop64,1233,-1,0
45_31_0_stop65,1234,-1,0
45_31_0_stop66,1235,-1,0
45_31_0_stop67,1236,-1,0
45_31_0_stop68,1237,-1,0
45_31_0_stop69,1238,-1,0
45_31_0_stop70,1239,-1,0
45_31_0_stop71,1240,-1,0
45_31_0_stop72,1241,-1,0
45_31_0_stop73,1242,-1,0
48_32_1_stop0,1243,-1,0
48_32_1_stop1,1244,-1,0
48_32_1_stop2,1245,-1,0
48_32_1_stop3,1246,-1,0
48_32_1_stop4,1247,-1,0
48_32_1_stop5,1248,-1,0
48_32_1_stop6,1249,-1,0
48_32_1_stop7,1250,-1,0
48_32_1_stop8,1251,-1,0
48_32_1_stop9,1252,-1,0
48_32_1_stop10,1253,-1,0
48_32_1_stop11,1254,-1,0
48_32_1_stop12,1255,-1,0
48_32_1_stop13,1256,-1,0
48_32_1_stop14,1257,-1,0
48_32_1_stop15,1258,-1,0
48_32_1_stop16,1259,-1,0
48_32_1_stop17,1260,-1,0
48_32_1_stop18,1261,-1,0
48_32_1_stop19,1262,-1,0
48_32_1_stop20,1263,-1,0
48_32_1_stop21,1264,-1,0
48_32_1_stop22,1265,-1,0
48_33_0_stop0,1266,-1,0
48_33_0_stop1,1267,-1,0
48_33_0_stop2,1268,-1,0
48_33_0_stop3,1269,-1,0
48_33_0_stop4,1270,-1,0
48_33_0_stop5,1271,-1,0
48_33_0_stop6,1272,-1,0
48_33_0_stop7,1273,-1,0
48_33_0_stop8,1274,-1,0
48_33_0_stop9,1275,-1,0
48_33_0_stop10,1276,-1,0
48_33_0_stop11,1277,-1,0
48_33_0_stop12,1278,-1,0
48_33_0_stop13,1279,-1,0
48_33_0_stop14,1280,-1,0
48_33_0_stop15,1281,-1,0
48_33_0_stop16,1282,-1,0
48_33_0_stop17,1283,-1,0
48_33_0_stop18,1284,-1,0
48_33_0_stop19,1285,-1,0
48_33_0_stop20,1286,-1,0
5_5_0_stop0,1287,-1,0
5_5_0_stop1,1288,-1,0
5_5_0_stop2,1289,-1,0
5_5_0_stop3,1290,-1,0
5_5_0_stop4,1291,-1,0
5_5_0_stop5,1292,-1,0
5_5_0_stop6,1293,-1,0
5_5_0_stop7,1294,-1,0
5_5_0_stop8,1295,-1,0
5_5_0_stop9,1296,-1,0
5_5_0_stop10,1297,-1,0
5_5_0_stop11,1298,-1,0
5_5_0_stop12,1299,-1,0
5_5_0_stop13,1300,-1,0
5_5_0_stop14,1301,-1,0
5_5_0_stop15,1302,-1,0
5_5_0_stop16,1303,-1,0
5_5_0_stop17,1304,-1,0
5_5_0_stop18,1305,-1,0
5_5_0_stop19,1306,-1,0
5_5_0_stop20,1307,-1,0
5_5_0_stop21,1308,-1,0
5_5_0_stop22,1309,-1,0
5_5_0_stop23,1310,-1,0
5_5_0_stop24,1311,-1,0
5_5_0_stop25,1312,-1,0
5_5_0_stop26,1313,-1,0
5_5_0_stop27,1314,-1,0
5_5_0_stop28,1315,-1,0
5_5_0_stop29,1316,-1,0
5_5_0_stop30,1317,-1,0
5_5_0_stop31,1318,-1,0
5_5_0_stop32,1319,-1,0
5_5_0_stop33,1320,-1,0
5_5_0_stop34,1321,-1,0
5_5_0_stop35,1322,-1,0
5_5_0_stop36,1323,-1,0
5_5_0_stop37,1324,-1,0
5_5_0_stop38,1325,-1,0
5_6_1_stop0,1326,-1,0
5_6_1_stop1,1327,-1,0
5_6_1_stop2,1328,-1,0
5_6_1_stop3,1329,-1,0
5_6_1_stop4,1330,-1,0
5_6_1_stop5,1331,-1,0
5_6_1_stop6,1332,-1,0
5_6_1_stop7,1333,-1,0
5_6_1_stop8,1334,-1,0
5_6_1_stop9,1335,-1,0
5_6_1_stop10,1336,-1,0
5_6_1_stop11,1337,-1,0
5_6_1_stop12,1338,-1,0
5_6_1_stop13,1339,-1,0
5_6_1_stop14,1340,-1,0
5_6_1_stop15,1341,-1,0
5_6_1_stop16,1342,-1,0
5_6_1_stop17,1343,-1,0
5_6_1_stop18,1344,-1,0
5_6_1_stop19,1345,-1,0
5_6_1_stop20,1346,-1,0
5_6_1_stop21,1347,-1,0
5_6_1_stop22,1348,-1,0
5_6_1_stop23,1349,-1,0
5_6_1_stop24,1350,-1,0
5_6_1_stop25,1351,-1,0
5_6_1_stop26,1352,-1,0
5_6_1_stop27,1353,-1,0
5_6_1_stop28,1354,-1,0
5_6_1_stop29,1355,-1,0
5_6_1_stop30,1356,-1,0
5_6_1_stop31,1357,-1,0
5_6_1_stop32,1358,-1,0
6_7_1_stop0,1359,-1,0
6_7_1_stop1,1360,-1,0
6_7_1_stop2,1361,-1,0
6_7_1_stop3,1362,-1,0
6_7_1_stop4,1363,-1,0
6_7_1_stop5,1364,-1,0
6_7_1_stop6,1365,-1,0
6_7_1_stop7,1366,-1,0
6_7_1_stop8,1367,-1,0
6_7_1_stop9,1368,-1,0
6_7_1_stop10,1369,-1,0
6_7_1_stop11,1370,-1,0
6_7_1_stop12,1371,-1,0
6_7_1_stop13,1372,-1,0
6_7_1_stop14,1373,-1,0
6_7_1_stop15,1374,-1,0
6_7_1_stop16,1375,-1,0
6_7_1_stop17,1376,-1,0
6_7_1_stop18,1377,-1,0
6_7_1_stop19,1378,-1,0
6_7_1_stop20,1379,-1,0
6_7_1_stop21,1380,-1,0
6_7_1_stop22,1381,-1,0
6_7_1_stop23,1382,-1,0
6_7_1_stop24,1383,-1,0
6_7_1_stop25,1384,-1,0
6_7_1_stop26,1385,-1,0
6_7_1_stop27,1386,-1,0
6_7_1_stop28,1387,-1,0
6_7_1_stop29,1388,-1,0
6_7_1_stop30,1389,-1,0
6_7_1_stop31,1390,-1,0
6_7_1_stop32,1391,-1,0
6_7_1_stop33,1392,-1,0
6_7_1_stop34,1393,-1,0
6_7_1_stop35,1394,-1,0
6_7_1_stop36,1395,-1,0
6_7_1_stop37,1396,-1,0
6_7_1_stop38,1397,-1,0
6_7_1_stop39,1398,-1,0
6_7_1_stop40,1399,-1,0
6_7_1_stop41,1400,-1,0
6_7_1_stop42,1401,-1,0
6_7_1_stop43,1402,-1,0
6_7_1_stop44,1403,-1,0
6_7_1_stop45,1404,-1,0
6_7_1_stop46,1405,-1,0
6_7_1_stop47,1406,-1,0
6_7_1_stop48,1407,-1,0
6_7_1_stop49,1408,-1,0
6_7_1_stop50,1409,-1,0
6_7_1_stop51,1410,-1,0
6_7_1_stop52,1411,-1,0
6_7_1_stop53,1412,-1,0
6_8_0_stop0,1413,-1,0
6_8_0_stop1,1414,-1,0
6_8_0_stop2,1415,-1,0
6_8_0_stop3,1416,-1,0
6_8_0_stop4,1417,-1,0
6_8_0_stop5,1418,-1,0
6_8_0_stop6,1419,-1,0
6_8_0_stop7,1420,-1,0
6_8_0_stop8,1421,-1,0
6_8_0_stop9,1422,-1,0
6_8_0_stop10,1423,-1,0
6_8_0_stop11,1424,-1,0
6_8_0_stop12,1425,-1,0
6_8_0_stop13,1426,-1,0
6_8_0_stop14,1427,-1,0
6_8_0_stop15,1428,-1,0
6_8_0_stop16,1429,-1,0
6_8_0_stop17,1430,-1,0
6_8_0_stop18,1431,-1,0
6_8_0_stop19,1432,-1,0
6_8_0_stop20,1433,-1,0
6_8_0_stop21,1434,-1,0
6_8_0_stop22,1435,-1,0
6_8_0_stop23,1436,-1,0
6_8_0_stop24,1437,-1,0
6_8_0_stop25,1438,-1,0
6_8_0_stop26,1439,-1,0
6_8_0_stop27,1440,-1,0
6_8_0_stop28,1441,-1,0
6_8_0_stop29,1442,-1,0
6_8_0_stop30,1443,-1,0
6_8_0_stop31,1444,-1,0
6_8_0_stop32,1445,-1,0
6_8_0_stop33,1446,-1,0
6_8_0_stop34,1447,-1,0
6_8_0_stop35,1448,-1,0
6_8_0_stop36,1449,-1,0
6_8_0_stop37,1450,-1,0
6_8_0_stop38,1451,-1,0
6_8_0_stop39,1452,-1,0
6_8_0_stop40,1453,-1,0
6_8_0_stop41,1454,-1,0
6_8_0_stop42,1455,-1,0
6_8_0_stop43,1456,-1,0
6_8_0_stop44,1457,-1,0
6_8_0_stop45,1458,-1,0
6_8_0_stop46,1459,-1,0
6_8_0_stop47,1460,-1,0
6_8_0_stop48,1461,-1,0
6_8_0_stop49,1462,-1,0
6_8_0_stop50,1463,-1,0
6_8_0_stop51,1464,-1,0
7_10_0_stop0,1465,-1,0
7_10_0_stop1,1466,-1,0
7_10_0_stop2,1467,-1,0
7_10_0_stop3,1468,-1,0
7_10_0_stop4,1469,-1,0
7_10_0_stop5,1470,-1,0
7_10_0_stop6,1471,-1,0
7_10_0_stop7,1472,-1,0
7_10_0_stop8,1473,-1,0
7_10_0_stop9,1474,-1,0
7_10_0_stop10,1475,-1,0
7_10_0_stop11,1476,-1,0
7_10_0_stop12,1477,-1,0
7_10_0_stop13,1478,-1,0
7_10_0_stop14,1479,-1,0
7_10_0_stop15,1480,-1,0
7_10_0_stop16,1481,-1,0
7_10_0_stop17,1482,-1,0
7_10_0_stop18,1483,-1,0
7_10_0_stop19,1484,-1,0
7_10_0_stop20,1485,-1,0
7_10_0_stop21,1486,-1,0
7_9_1_stop0,1487,-1,0
7_9_1_stop1,1488,-1,0
7_9_1_stop2,1489,-1,0
7_9_1_stop3,1490,-1,0
7_9_1_stop4,1491,-1,0
7_9_1_stop5,1492,-1,0
7_9_1_stop6,1493,-1,0
7_9_1_stop7,1494,-1,0
7_9_1_stop8,1495,-1,0
7_9_1_stop9,1496,-1,0
7_9_1_stop10,1497,-1,0
7_9_1_stop11,1498,-1,0
7_9_1_stop12,1499,-1,0
7_9_1_stop13,1500,-1,0
7_9_1_stop14,1501,-1,0
7_9_1_stop15,1502,-1,0
7_9_1_stop16,1503,-1,0
7_9_1_stop17,1504,-1,0
7_9_1_stop18,1505,-1,0
7_9_1_stop19,1506,-1,0
7_9_1_stop20,1507,-1,0
7_9_1_stop21,1508,-1,0
7_9_1_stop22,1509,-1,0
7_9_1_stop23,1510,-1,0
7_9_1_stop24,1511,-1,0
7_9_1_stop25,1512,-1,0
7_9_1_stop26,1513,-1,0
90_34_0_stop0,1514,-1,0
90_34_0_stop1,1515,-1,0
90_34_0_stop2,1516,-1,0
90_34_0_stop3,1517,-1,0
90_34_0_stop4,1518,-1,0
90_34_0_stop5,1519,-1,0
90_34_0_stop6,1520,-1,0
90_34_0_stop7,1521,-1,0
90_34_0_stop8,1522,-1,0
90_34_0_stop9,1523,-1,0
90_34_0_stop10,1524,-1,0
90_34_0_stop11,1525,-1,0
90_34_0_stop12,1526,-1,0
90_34_0_stop13,1527,-1,0
90_34_0_stop14,1528,-1,0
90_34_0_stop15,1529,-1,0
90_34_0_stop16,1530,-1,0
90_34_0_stop17,1531,-1,0
90_34_0_stop18,1532,-1,0
90_34_0_stop19,1533,-1,0
90_34_0_stop20,1534,-1,0
90_34_0_stop21,1535,-1,0
90_34_0_stop22,1536,-1,0
90_34_0_stop23,1537,-1,0
90_34_0_stop24,1538,-1,0
90_34_0_stop25,1539,-1,0
90_35_1_stop0,1540,-1,0
90_35_1_stop1,1541,-1,0
90_35_1_stop2,1542,-1,0
90_35_1_stop3,1543,-1,0
90_35_1_stop4,1544,-1,0
90_35_1_stop5,1545,-1,0
90_35_1_stop6,1546,-1,0
90_35_1_stop7,1547,-1,0
90_35_1_stop8,1548,-1,0
90_35_1_stop9,1549,-1,0
90_35_1_stop10,1550,-1,0
90_35_1_stop11,1551,-1,0
90_35_1_stop12,1552,-1,0
90_35_1_stop13,1553,-1,0
90_35_1_stop14,1554,-1,0
90_35_1_stop15,1555,-1,0
90_35_1_stop16,1556,-1,0
90_35_1_stop17,1557,-1,0
90_35_1_stop18,1558,-1,0
90_35_1_stop19,1559,-1,0
90_35_1_stop20,1560,-1,0
90_35_1_stop21,1561,-1,0
90_35_1_stop22,1562,-1,0
90_35_1_stop23,1563,-1,0
