zone_name,zone_id,capacity,type
Zone_1,1,-1,1
Zone_2,2,-1,0
Zone_3,3,-1,0
Zone_4,4,-1,0
Zone_5,5,-1,0
Zone_6,6,-1,0
Zone_7,7,-1,0
Zone_8,8,-1,0
Zone_9,9,-1,0
Zone_10,10,-1,0
Zone_11,11,-1,0
Zone_12,12,-1,0
Zone_13,13,-1,0
Zone_14,14,-1,0
Zone_15,15,-1,0
Zone_16,16,-1,0
Zone_17,17,-1,0
Zone_18,18,-1,1
Zone_19,19,-1,1
Zone_20,20,-1,0
Zone_21,21,-1,0
Zone_22,22,-1,0
Zone_23,23,-1,0
Zone_24,24,-1,0
Zone_25,25,-1,0
Zone_26,26,-1,0
Zone_27,27,-1,0
Zone_28,28,-1,0
Zone_29,29,-1,0
Zone_30,30,-1,0
Zone_31,31,-1,0
Zone_32,32,-1,0
Zone_33,33,-1,0
Zone_34,34,-1,0
Zone_35,35,-1,0
Zone_36,36,-1,1
Zone_37,37,-1,1
Zone_38,38,-1,0
Zone_39,39,-1,0
Zone_40,40,-1,0
Zone_41,41,-1,0
Zone_42,42,-1,0
Zone_43,43,-1,0
Zone_44,44,-1,0
Zone_45,45,-1,0
Zone_46,46,-1,0
Zone_47,47,-1,0
Zone_48,48,-1,0
Zone_49,49,-1,0
Zone_50,50,-1,0
Zone_51,51,-1,0
Zone_52,52,-1,0
Zone_53,53,-1,0
Zone_54,54,-1,0
Zone_55,55,-1,0
Zone_56,56,-1,0
Zone_57,57,-1,0
Zone_58,58,-1,0
Zone_59,59,-1,0
Zone_60,60,-1,0
Zone_61,61,-1,0
Zone_62,62,-1,0
Zone_63,63,-1,0
Zone_64,64,-1,0
Zone_65,65,-1,0
Zone_66,66,-1,0
Zone_67,67,-1,0
Zone_68,68,-1,0
Zone_69,69,-1,0
Zone_70,70,-1,0
Zone_71,71,-1,0
Zone_72,72,-1,0
Zone_73,73,-1,1
Zone_74,74,-1,0
Zone_75,75,-1,0
Zone_76,76,-1,0
Zone_77,77,-1,0
Zone_78,78,-1,0
Zone_79,79,-1,0
Zone_80,80,-1,0
Zone_81,81,-1,0
Zone_82,82,-1,0
Zone_83,83,-1,0
Zone_84,84,-1,0
Zone_85,85,-1,0
Zone_86,86,-1,0
Zone_87,87,-1,0
Zone_88,88,-1,0
Zone_89,89,-1,0
Zone_90,90,-1,0
Zone_91,91,-1,0
Zone_92,92,-1,0
Zone_93,93,-1,0
Zone_94,94,-1,0
Zone_95,95,-1,0
Zone_96,96,-1,0
Zone_97,97,-1,0
Zone_98,98,-1,0
Zone_99,99,-1,0
Zone_100,100,-1,0
Zone_101,101,-1,0
Zone_102,102,-1,0
Zone_103,103,-1,0
Zone_104,104,-1,0
Zone_105,105,-1,0
Zone_106,106,-1,0
Zone_107,107,-1,0
Zone_108,108,-1,0
Zone_109,109,-1,0
Zone_110,110,-1,0
Zone_111,111,-1,0
Zone_112,112,-1,0
Zone_113,113,-1,1
Zone_114,114,-1,0
Zone_115,115,-1,0
Zone_116,116,-1,0
Zone_117,117,-1,0
Zone_118,118,-1,0
Zone_119,119,-1,0
Zone_120,120,-1,0
Zone_121,121,-1,0
Zone_122,122,-1,0
Zone_123,123,-1,0
Zone_124,124,-1,0
Zone_125,125,-1,0
Zone_126,126,-1,0
Zone_127,127,-1,0
Zone_128,128,-1,0
Zone_129,129,-1,0
Zone_130,130,-1,0
Zone_131,131,-1,0
Zone_132,132,-1,0
Zone_133,133,-1,0
Zone_134,134,-1,0
Zone_135,135,-1,0
Zone_136,136,-1,0
Zone_137,137,-1,0
Zone_138,138,-1,0
Zone_139,139,-1,0
Zone_140,140,-1,0
Zone_141,141,-1,0
Zone_142,142,-1,1
Zone_143,143,-1,1
Zone_144,144,-1,0
Zone_145,145,-1,0
Zone_146,146,-1,0
Zone_147,147,-1,0
Zone_148,148,-1,0
Zone_149,149,-1,0
Zone_150,150,-1,0
Zone_151,151,-1,0
Zone_152,152,-1,0
Zone_153,153,-1,0
Zone_154,154,-1,0
Zone_155,155,-1,0
Zone_156,156,-1,0
Zone_157,157,-1,0
Zone_158,158,-1,0
Zone_159,159,-1,0
Zone_160,160,-1,0
Zone_161,161,-1,0
Zone_162,162,-1,0
Zone_163,163,-1,0
Zone_164,164,-1,0
Zone_165,165,-1,1
Zone_166,166,-1,1
Zone_167,167,-1,0
Zone_168,168,-1,0
Zone_169,169,-1,0
Zone_170,170,-1,0
Zone_171,171,-1,0
Zone_172,172,-1,0
Zone_173,173,-1,0
Zone_174,174,-1,0
Zone_175,175,-1,0
Zone_176,176,-1,0
Zone_177,177,-1,0
Zone_178,178,-1,0
Zone_179,179,-1,0
Zone_180,180,-1,0
Zone_181,181,-1,0
Zone_182,182,-1,0
Zone_183,183,-1,0
Zone_184,184,-1,1
Zone_185,185,-1,0
Zone_186,186,-1,0
Zone_187,187,-1,0
Zone_188,188,-1,0
Zone_189,189,-1,0
Zone_190,190,-1,0
Zone_191,191,-1,0
Zone_192,192,-1,0
Zone_193,193,-1,0
Zone_194,194,-1,0
Zone_195,195,-1,0
Zone_196,196,-1,0
Zone_197,197,-1,0
Zone_198,198,-1,0
Zone_199,199,-1,0
Zone_200,200,-1,0
Zone_201,201,-1,0
Zone_202,202,-1,0
Zone_203,203,-1,0
Zone_204,204,-1,0
Zone_205,205,-1,0
Zone_206,206,-1,0
Zone_207,207,-1,0
Zone_208,208,-1,0
Zone_209,209,-1,0
Zone_210,210,-1,0
Zone_211,211,-1,0
Zone_212,212,-1,0
Zone_213,213,-1,0
Zone_214,214,-1,0
Zone_215,215,-1,0
Zone_216,216,-1,0
Zone_217,217,-1,0
Zone_218,218,-1,0
Zone_219,219,-1,0
Zone_220,220,-1,0
Zone_221,221,-1,0
Zone_222,222,-1,0
Zone_223,223,-1,0
Zone_224,224,-1,0
Zone_225,225,-1,0
Zone_226,226,-1,0
Zone_227,227,-1,0
Zone_228,228,-1,0
Zone_229,229,-1,0
Zone_230,230,-1,0
Zone_231,231,-1,0
Zone_232,232,-1,0
Zone_233,233,-1,0
Zone_234,234,-1,0
Zone_235,235,-1,0
Zone_236,236,-1,0
Zone_237,237,-1,0
Zone_238,238,-1,0
Zone_239,239,-1,0
Zone_240,240,-1,0
Zone_241,241,-1,0
Zone_242,242,-1,0
Zone_243,243,-1,0
Zone_244,244,-1,0
Zone_245,245,-1,0
Zone_246,246,-1,0
Zone_247,247,-1,0
Zone_248,248,-1,0
Zone_249,249,-1,0
Zone_250,250,-1,0
Zone_251,251,-1,1
Zone_252,252,-1,0
Zone_253,253,-1,0
Zone_254,254,-1,0
Zone_255,255,-1,0
Zone_256,256,-1,0
Zone_257,257,-1,0
Zone_258,258,-1,0
Zone_259,259,-1,0
Zone_260,260,-1,0
Zone_261,261,-1,0
Zone_262,262,-1,0
Zone_263,263,-1,0
Zone_264,264,-1,0
Zone_265,265,-1,0
Zone_266,266,-1,0
Zone_267,267,-1,0
Zone_268,268,-1,0
Zone_269,269,-1,0
Zone_270,270,-1,0
Zone_271,271,-1,0
Zone_272,272,-1,0
Zone_273,273,-1,0
Zone_274,274,-1,0
Zone_275,275,-1,0
Zone_276,276,-1,0
Zone_277,277,-1,0
Zone_278,278,-1,0
Zone_279,279,-1,0
Zone_280,280,-1,0
Zone_281,281,-1,0
Zone_282,282,-1,0
Zone_283,283,-1,0
Zone_284,284,-1,0
Zone_285,285,-1,0
Zone_286,286,-1,0
Zone_287,287,-1,0
Zone_288,288,-1,0
Zone_289,289,-1,0
Zone_290,290,-1,0
Zone_291,291,-1,0
Zone_292,292,-1,0
Zone_293,293,-1,0
Zone_294,294,-1,0
Zone_295,295,-1,0
Zone_296,296,-1,0
Zone_297,297,-1,0
Zone_298,298,-1,0
Zone_299,299,-1,0
Zone_300,300,-1,0
Zone_301,301,-1,0
Zone_302,302,-1,0
Zone_303,303,-1,0
Zone_304,304,-1,0
Zone_305,305,-1,0
Zone_306,306,-1,0
Zone_307,307,-1,0
Zone_308,308,-1,0
Zone_309,309,-1,0
Zone_310,310,-1,0
Zone_311,311,-1,0
Zone_312,312,-1,0
Zone_313,313,-1,0
Zone_314,314,-1,0
Zone_315,315,-1,0
Zone_316,316,-1,0
Zone_317,317,-1,0
Zone_318,318,-1,0
Zone_319,319,-1,0
Zone_320,320,-1,1
Zone_321,321,-1,1
Zone_322,322,-1,0
Zone_323,323,-1,0
Zone_324,324,-1,0
Zone_325,325,-1,0
Zone_326,326,-1,0
Zone_327,327,-1,0
Zone_328,328,-1,0
Zone_329,329,-1,0
Zone_330,330,-1,0
Zone_331,331,-1,0
Zone_332,332,-1,0
Zone_333,333,-1,0
Zone_334,334,-1,0
Zone_335,335,-1,0
Zone_336,336,-1,0
Zone_337,337,-1,0
Zone_338,338,-1,0
Zone_339,339,-1,0
Zone_340,340,-1,0
Zone_341,341,-1,0
Zone_342,342,-1,0
Zone_343,343,-1,0
Zone_344,344,-1,0
Zone_345,345,-1,0
Zone_346,346,-1,0
Zone_347,347,-1,0
Zone_348,348,-1,0
Zone_349,349,-1,0
Zone_350,350,-1,0
Zone_351,351,-1,0
Zone_352,352,-1,0
Zone_353,353,-1,0
Zone_354,354,-1,0
Zone_355,355,-1,0
Zone_356,356,-1,0
Zone_357,357,-1,0
Zone_358,358,-1,0
Zone_359,359,-1,0
Zone_360,360,-1,0
Zone_361,361,-1,0
Zone_362,362,-1,0
Zone_363,363,-1,0
Zone_364,364,-1,0
Zone_365,365,-1,0
Zone_366,366,-1,0
Zone_367,367,-1,0
Zone_368,368,-1,0
Zone_369,369,-1,0
Zone_370,370,-1,0
Zone_371,371,-1,0
Zone_372,372,-1,0
Zone_373,373,-1,0
Zone_374,374,-1,0
Zone_375,375,-1,0
Zone_376,376,-1,0
Zone_377,377,-1,0
Zone_378,378,-1,0
Zone_379,379,-1,0
Zone_380,380,-1,1
Zone_381,381,-1,0
Zone_382,382,-1,0
Zone_383,383,-1,0
Zone_384,384,-1,0
Zone_385,385,-1,0
Zone_386,386,-1,0
Zone_387,387,-1,0
Zone_388,388,-1,0
Zone_389,389,-1,0
Zone_390,390,-1,0
Zone_391,391,-1,0
Zone_392,392,-1,0
Zone_393,393,-1,0
Zone_394,394,-1,0
Zone_395,395,-1,0
Zone_396,396,-1,0
Zone_397,397,-1,0
Zone_398,398,-1,0
Zone_399,399,-1,0
Zone_400,400,-1,0
Zone_401,401,-1,0
Zone_402,402,-1,0
Zone_403,403,-1,0
Zone_404,404,-1,0
Zone_405,405,-1,0
Zone_406,406,-1,0
Zone_407,407,-1,0
Zone_408,408,-1,0
Zone_409,409,-1,0
Zone_410,410,-1,0
Zone_411,411,-1,0
Zone_412,412,-1,0
Zone_413,413,-1,0
Zone_414,414,-1,0
Zone_415,415,-1,0
Zone_416,416,-1,0
Zone_417,417,-1,0
Zone_418,418,-1,0
Zone_419,419,-1,0
Zone_420,420,-1,0
Zone_421,421,-1,0
Zone_422,422,-1,0
Zone_423,423,-1,0
Zone_424,424,-1,0
Zone_425,425,-1,0
Zone_426,426,-1,0
Zone_427,427,-1,0
Zone_428,428,-1,0
Zone_429,429,-1,0
Zone_430,430,-1,0
Zone_431,431,-1,0
Zone_432,432,-1,0
Zone_433,433,-1,0
Zone_434,434,-1,0
Zone_435,435,-1,0
Zone_436,436,-1,0
Zone_437,437,-1,0
Zone_438,438,-1,0
Zone_439,439,-1,0
Zone_440,440,-1,0
Zone_441,441,-1,0
Zone_442,442,-1,0
Zone_443,443,-1,0
Zone_444,444,-1,0
Zone_445,445,-1,0
Zone_446,446,-1,0
Zone_447,447,-1,0
Zone_448,448,-1,0
Zone_449,449,-1,0
Zone_450,450,-1,0
Zone_451,451,-1,0
Zone_452,452,-1,0
Zone_453,453,-1,0
Zone_454,454,-1,0
Zone_455,455,-1,0
Zone_456,456,-1,0
Zone_457,457,-1,0
Zone_458,458,-1,0
Zone_459,459,-1,0
Zone_460,460,-1,0
Zone_461,461,-1,0
Zone_462,462,-1,0
Zone_463,463,-1,0
Zone_464,464,-1,0
Zone_465,465,-1,0
Zone_466,466,-1,0
Zone_467,467,-1,0
Zone_468,468,-1,0
Zone_469,469,-1,0
Zone_470,470,-1,0
Zone_471,471,-1,0
Zone_472,472,-1,0
Zone_473,473,-1,0
Zone_474,474,-1,0
Zone_475,475,-1,0
Zone_476,476,-1,0
Zone_477,477,-1,0
Zone_478,478,-1,0
Zone_479,479,-1,0
Zone_480,480,-1,0
Zone_481,481,-1,0
Zone_482,482,-1,0
Zone_483,483,-1,0
Zone_484,484,-1,0
Zone_485,485,-1,0
Zone_486,486,-1,0
Zone_487,487,-1,0
Zone_488,488,-1,0
Zone_489,489,-1,0
Zone_490,490,-1,0
Zone_491,491,-1,0
Zone_492,492,-1,0
Zone_493,493,-1,0
Zone_494,494,-1,0
Zone_495,495,-1,0
Zone_496,496,-1,0
Zone_497,497,-1,0
Zone_498,498,-1,0
Zone_499,499,-1,0
Zone_500,500,-1,0
Zone_501,501,-1,0
Zone_502,502,-1,0
Zone_503,503,-1,0
Zone_504,504,-1,0
Zone_505,505,-1,0
Zone_506,506,-1,0
Zone_507,507,-1,0
Zone_508,508,-1,0
Zone_509,509,-1,0
Zone_510,510,-1,0
Zone_511,511,-1,0
Zone_512,512,-1,0
Zone_513,513,-1,0
Zone_514,514,-1,0
Zone_515,515,-1,0
Zone_516,516,-1,0
Zone_517,517,-1,0
Zone_518,518,-1,0
Zone_519,519,-1,0
Zone_520,520,-1,0
Zone_521,521,-1,0
Zone_522,522,-1,0
Zone_523,523,-1,0
Zone_524,524,-1,0
Zone_525,525,-1,0
Zone_526,526,-1,0
Zone_527,527,-1,0
Zone_528,528,-1,1
Zone_529,529,-1,0
Zone_530,530,-1,0
Zone_531,531,-1,0
Zone_532,532,-1,0
Zone_533,533,-1,0
Zone_534,534,-1,0
Zone_535,535,-1,0
Zone_536,536,-1,0
Zone_537,537,-1,0
Zone_538,538,-1,0
Zone_539,539,-1,0
Zone_540,540,-1,0
Zone_541,541,-1,0
Zone_542,542,-1,0
Zone_543,543,-1,0
Zone_544,544,-1,0
Zone_545,545,-1,0
Zone_546,546,-1,0
Zone_547,547,-1,0
Zone_548,548,-1,0
Zone_549,549,-1,0
Zone_550,550,-1,0
Zone_551,551,-1,0
Zone_552,552,-1,0
Zone_553,553,-1,0
Zone_554,554,-1,0
Zone_555,555,-1,0
Zone_556,556,-1,0
Zone_557,557,-1,0
Zone_558,558,-1,0
Zone_559,559,-1,0
Zone_560,560,-1,0
Zone_561,561,-1,0
Zone_562,562,-1,0
Zone_563,563,-1,0
Zone_564,564,-1,0
Zone_565,565,-1,0
Zone_566,566,-1,0
Zone_567,567,-1,0
Zone_568,568,-1,0
Zone_569,569,-1,1
Zone_570,570,-1,1
Zone_571,571,-1,0
Zone_572,572,-1,0
Zone_573,573,-1,0
Zone_574,574,-1,0
Zone_575,575,-1,0
Zone_576,576,-1,0
Zone_577,577,-1,0
Zone_578,578,-1,0
Zone_579,579,-1,0
Zone_580,580,-1,0
Zone_581,581,-1,0
Zone_582,582,-1,0
Zone_583,583,-1,0
Zone_584,584,-1,0
Zone_585,585,-1,0
Zone_586,586,-1,0
Zone_587,587,-1,0
Zone_588,588,-1,0
Zone_589,589,-1,0
Zone_590,590,-1,0
Zone_591,591,-1,0
Zone_592,592,-1,0
Zone_593,593,-1,0
Zone_594,594,-1,0
Zone_595,595,-1,0
Zone_596,596,-1,0
Zone_597,597,-1,0
Zone_598,598,-1,0
Zone_599,599,-1,0
Zone_600,600,-1,0
Zone_601,601,-1,0
Zone_602,602,-1,0
Zone_603,603,-1,0
Zone_604,604,-1,0
Zone_605,605,-1,0
Zone_606,606,-1,0
Zone_607,607,-1,0
Zone_608,608,-1,0
Zone_609,609,-1,1
Zone_610,610,-1,0
Zone_611,611,-1,0
Zone_612,612,-1,0
Zone_613,613,-1,0
Zone_614,614,-1,0
Zone_615,615,-1,0
Zone_616,616,-1,0
Zone_617,617,-1,0
Zone_618,618,-1,0
Zone_619,619,-1,0
Zone_620,620,-1,0
Zone_621,621,-1,0
Zone_622,622,-1,0
Zone_623,623,-1,0
Zone_624,624,-1,0
Zone_625,625,-1,0
Zone_626,626,-1,0
Zone_627,627,-1,0
Zone_628,628,-1,0
Zone_629,629,-1,0
Zone_630,630,-1,0
Zone_631,631,-1,0
Zone_632,632,-1,0
Zone_633,633,-1,0
Zone_634,634,-1,0
Zone_635,635,-1,0
Zone_636,636,-1,0
Zone_637,637,-1,0
Zone_638,638,-1,0
Zone_639,639,-1,0
Zone_640,640,-1,0
Zone_641,641,-1,0
Zone_642,642,-1,0
Zone_643,643,-1,0
Zone_644,644,-1,0
Zone_645,645,-1,0
Zone_646,646,-1,0
Zone_647,647,-1,0
Zone_648,648,-1,0
Zone_649,649,-1,0
Zone_650,650,-1,0
Zone_651,651,-1,0
Zone_652,652,-1,0
Zone_653,653,-1,0
Zone_654,654,-1,0
Zone_655,655,-1,0
Zone_656,656,-1,0
Zone_657,657,-1,0
Zone_658,658,-1,0
Zone_659,659,-1,0
Zone_660,660,-1,0
Zone_661,661,-1,0
Zone_662,662,-1,0
Zone_663,663,-1,0
Zone_664,664,-1,0
Zone_665,665,-1,0
Zone_666,666,-1,0
Zone_667,667,-1,0
Zone_668,668,-1,0
Zone_669,669,-1,0
Zone_670,670,-1,0
Zone_671,671,-1,0
Zone_672,672,-1,0
Zone_673,673,-1,1
Zone_674,674,-1,0
Zone_675,675,-1,0
Zone_676,676,-1,0
Zone_677,677,-1,0
Zone_678,678,-1,0
Zone_679,679,-1,0
Zone_680,680,-1,0
Zone_681,681,-1,0
Zone_682,682,-1,0
Zone_683,683,-1,0
Zone_684,684,-1,0
Zone_685,685,-1,0
Zone_686,686,-1,0
Zone_687,687,-1,0
Zone_688,688,-1,0
Zone_689,689,-1,0
Zone_690,690,-1,1
Zone_691,691,-1,1
Zone_692,692,-1,0
Zone_693,693,-1,0
Zone_694,694,-1,0
Zone_695,695,-1,0
Zone_696,696,-1,0
Zone_697,697,-1,0
Zone_698,698,-1,0
Zone_699,699,-1,0
Zone_700,700,-1,0
Zone_701,701,-1,0
Zone_702,702,-1,0
Zone_703,703,-1,0
Zone_704,704,-1,0
Zone_705,705,-1,0
Zone_706,706,-1,0
Zone_707,707,-1,0
Zone_708,708,-1,0
Zone_709,709,-1,0
Zone_710,710,-1,0
Zone_711,711,-1,0
Zone_712,712,-1,0
Zone_713,713,-1,0
Zone_714,714,-1,0
Zone_715,715,-1,0
Zone_716,716,-1,0
Zone_717,717,-1,0
Zone_718,718,-1,0
Zone_719,719,-1,0
Zone_720,720,-1,0
Zone_721,721,-1,0
Zone_722,722,-1,0
Zone_723,723,-1,0
Zone_724,724,-1,0
Zone_725,725,-1,0
Zone_726,726,-1,0
Zone_727,727,-1,0
Zone_728,728,-1,0
Zone_729,729,-1,0
Zone_730,730,-1,0
Zone_731,731,-1,0
Zone_732,732,-1,0
Zone_733,733,-1,0
Zone_734,734,-1,0
Zone_735,735,-1,0
Zone_736,736,-1,0
Zone_737,737,-1,0
Zone_738,738,-1,0
Zone_739,739,-1,0
Zone_740,740,-1,0
Zone_741,741,-1,0
Zone_742,742,-1,0
Zone_743,743,-1,0
Zone_744,744,-1,0
Zone_745,745,-1,0
Zone_746,746,-1,0
Zone_747,747,-1,0
Zone_748,748,-1,0
Zone_749,749,-1,0
Zone_750,750,-1,0
Zone_751,751,-1,0
Zone_752,752,-1,0
Zone_753,753,-1,0
Zone_754,754,-1,0
Zone_755,755,-1,0
Zone_756,756,-1,0
Zone_757,757,-1,0
Zone_758,758,-1,0
Zone_759,759,-1,0
Zone_760,760,-1,0
Zone_761,761,-1,1
Zone_762,762,-1,1
Zone_763,763,-1,0
Zone_764,764,-1,0
Zone_765,765,-1,0
Zone_766,766,-1,0
Zone_767,767,-1,0
Zone_768,768,-1,0
Zone_769,769,-1,0
Zone_770,770,-1,0
Zone_771,771,-1,0
Zone_772,772,-1,0
Zone_773,773,-1,0
Zone_774,774,-1,0
Zone_775,775,-1,0
Zone_776,776,-1,0
Zone_777,777,-1,0
Zone_778,778,-1,0
Zone_779,779,-1,0
Zone_780,780,-1,0
Zone_781,781,-1,0
Zone_782,782,-1,0
Zone_783,783,-1,0
Zone_784,784,-1,0
Zone_785,785,-1,0
Zone_786,786,-1,0
Zone_787,787,-1,0
Zone_788,788,-1,0
Zone_789,789,-1,0
Zone_790,790,-1,0
Zone_791,791,-1,0
Zone_792,792,-1,0
Zone_793,793,-1,0
Zone_794,794,-1,0
Zone_795,795,-1,0
Zone_796,796,-1,0
Zone_797,797,-1,0
Zone_798,798,-1,0
Zone_799,799,-1,0
Zone_800,800,-1,0
Zone_801,801,-1,0
Zone_802,802,-1,0
Zone_803,803,-1,0
Zone_804,804,-1,0
Zone_805,805,-1,0
Zone_806,806,-1,0
Zone_807,807,-1,0
Zone_808,808,-1,0
Zone_809,809,-1,0
Zone_810,810,-1,0
Zone_811,811,-1,0
Zone_812,812,-1,0
Zone_813,813,-1,0
Zone_814,814,-1,0
Zone_815,815,-1,0
Zone_816,816,-1,0
Zone_817,817,-1,0
Zone_818,818,-1,0
Zone_819,819,-1,0
Zone_820,820,-1,0
Zone_821,821,-1,0
Zone_822,822,-1,0
Zone_823,823,-1,0
Zone_824,824,-1,0
Zone_825,825,-1,0
Zone_826,826,-1,0
Zone_827,827,-1,0
Zone_828,828,-1,0
Zone_829,829,-1,0
Zone_830,830,-1,0
Zone_831,831,-1,0
Zone_832,832,-1,0
Zone_833,833,-1,0
Zone_834,834,-1,0
Zone_835,835,-1,0
Zone_836,836,-1,0
Zone_837,837,-1,0
Zone_838,838,-1,1
Zone_839,839,-1,1
Zone_840,840,-1,0
Zone_841,841,-1,0
Zone_842,842,-1,0
Zone_843,843,-1,0
Zone_844,844,-1,0
Zone_845,845,-1,0
Zone_846,846,-1,0
Zone_847,847,-1,0
Zone_848,848,-1,0
Zone_849,849,-1,0
Zone_850,850,-1,0
Zone_851,851,-1,0
Zone_852,852,-1,0
Zone_853,853,-1,0
Zone_854,854,-1,0
Zone_855,855,-1,0
Zone_856,856,-1,0
Zone_857,857,-1,0
Zone_858,858,-1,0
Zone_859,859,-1,0
Zone_860,860,-1,0
Zone_861,861,-1,0
Zone_862,862,-1,0
Zone_863,863,-1,0
Zone_864,864,-1,0
Zone_865,865,-1,0
Zone_866,866,-1,0
Zone_867,867,-1,1
Zone_868,868,-1,1
Zone_869,869,-1,0
Zone_870,870,-1,0
Zone_871,871,-1,0
Zone_872,872,-1,0
Zone_873,873,-1,0
Zone_874,874,-1,0
Zone_875,875,-1,0
Zone_876,876,-1,0
Zone_877,877,-1,0
Zone_878,878,-1,0
Zone_879,879,-1,0
Zone_880,880,-1,0
Zone_881,881,-1,0
Zone_882,882,-1,0
Zone_883,883,-1,0
Zone_884,884,-1,0
Zone_885,885,-1,0
Zone_886,886,-1,0
Zone_887,887,-1,0
Zone_888,888,-1,0
Zone_889,889,-1,0
Zone_890,890,-1,0
Zone_891,891,-1,0
Zone_892,892,-1,0
Zone_893,893,-1,0
Zone_894,894,-1,1
Zone_895,895,-1,1
Zone_896,896,-1,0
Zone_897,897,-1,0
Zone_898,898,-1,0
Zone_899,899,-1,0
Zone_900,900,-1,0
Zone_901,901,-1,0
Zone_902,902,-1,0
Zone_903,903,-1,0
Zone_904,904,-1,0
Zone_905,905,-1,0
Zone_906,906,-1,0
Zone_907,907,-1,0
Zone_908,908,-1,0
Zone_909,909,-1,0
Zone_910,910,-1,0
Zone_911,911,-1,0
Zone_912,912,-1,0
Zone_913,913,-1,0
Zone_914,914,-1,0
Zone_915,915,-1,0
Zone_916,916,-1,0
Zone_917,917,-1,0
Zone_918,918,-1,0
Zone_919,919,-1,0
Zone_920,920,-1,0
Zone_921,921,-1,0
Zone_922,922,-1,0
Zone_923,923,-1,0
Zone_924,924,-1,0
Zone_925,925,-1,0
Zone_926,926,-1,1
Zone_927,927,-1,1
Zone_928,928,-1,0
Zone_929,929,-1,0
Zone_930,930,-1,0
Zone_931,931,-1,0
Zone_932,932,-1,0
Zone_933,933,-1,0
Zone_934,934,-1,0
Zone_935,935,-1,0
Zone_936,936,-1,0
Zone_937,937,-1,0
Zone_938,938,-1,0
Zone_939,939,-1,0
Zone_940,940,-1,0
Zone_941,941,-1,0
Zone_942,942,-1,0
Zone_943,943,-1,0
Zone_944,944,-1,0
Zone_945,945,-1,0
Zone_946,946,-1,0
Zone_947,947,-1,0
Zone_948,948,-1,0
Zone_949,949,-1,0
Zone_950,950,-1,0
Zone_951,951,-1,0
Zone_952,952,-1,0
Zone_953,953,-1,0
Zone_954,954,-1,0
Zone_955,955,-1,0
Zone_956,956,-1,0
Zone_957,957,-1,1
Zone_958,958,-1,1
Zone_959,959,-1,0
Zone_960,960,-1,0
Zone_961,961,-1,0
Zone_962,962,-1,0
Zone_963,963,-1,0
Zone_964,964,-1,0
Zone_965,965,-1,0
Zone_966,966,-1,0
Zone_967,967,-1,0
Zone_968,968,-1,0
Zone_969,969,-1,0
Zone_970,970,-1,0
Zone_971,971,-1,0
Zone_972,972,-1,0
Zone_973,973,-1,0
Zone_974,974,-1,0
Zone_975,975,-1,0
Zone_976,976,-1,0
Zone_977,977,-1,0
Zone_978,978,-1,0
Zone_979,979,-1,0
Zone_980,980,-1,0
Zone_981,981,-1,0
Zone_982,982,-1,0
Zone_983,983,-1,0
Zone_984,984,-1,0
Zone_985,985,-1,0
Zone_986,986,-1,0
Zone_987,987,-1,0
Zone_988,988,-1,0
Zone_989,989,-1,0
Zone_990,990,-1,0
Zone_991,991,-1,0
Zone_992,992,-1,0
Zone_993,993,-1,0
Zone_994,994,-1,0
Zone_995,995,-1,0
Zone_996,996,-1,0
Zone_997,997,-1,0
Zone_998,998,-1,0
Zone_999,999,-1,0
Zone_1000,1000,-1,0
Zone_1001,1001,-1,0
Zone_1002,1002,-1,0
Zone_1003,1003,-1,0
Zone_1004,1004,-1,0
Zone_1005,1005,-1,1
Zone_1006,1006,-1,1
Zone_1007,1007,-1,0
Zone_1008,1008,-1,0
Zone_1009,1009,-1,0
Zone_1010,1010,-1,0
Zone_1011,1011,-1,0
Zone_1012,1012,-1,0
Zone_1013,1013,-1,0
Zone_1014,1014,-1,0
Zone_1015,1015,-1,0
Zone_1016,1016,-1,0
Zone_1017,1017,-1,0
Zone_1018,1018,-1,0
Zone_1019,1019,-1,0
Zone_1020,1020,-1,0
Zone_1021,1021,-1,0
Zone_1022,1022,-1,0
Zone_1023,1023,-1,0
Zone_1024,1024,-1,0
Zone_1025,1025,-1,0
Zone_1026,1026,-1,0
Zone_1027,1027,-1,0
Zone_1028,1028,-1,0
Zone_1029,1029,-1,0
Zone_1030,1030,-1,0
Zone_1031,1031,-1,0
Zone_1032,1032,-1,0
Zone_1033,1033,-1,0
Zone_1034,1034,-1,0
Zone_1035,1035,-1,0
Zone_1036,1036,-1,0
Zone_1037,1037,-1,0
Zone_1038,1038,-1,0
Zone_1039,1039,-1,0
Zone_1040,1040,-1,0
Zone_1041,1041,-1,0
Zone_1042,1042,-1,0
Zone_1043,1043,-1,0
Zone_1044,1044,-1,0
Zone_1045,1045,-1,0
Zone_1046,1046,-1,0
Zone_1047,1047,-1,0
Zone_1048,1048,-1,0
Zone_1049,1049,-1,0
Zone_1050,1050,-1,0
Zone_1051,1051,-1,0
Zone_1052,1052,-1,0
Zone_1053,1053,-1,0
Zone_1054,1054,-1,0
Zone_1055,1055,-1,0
Zone_1056,1056,-1,0
Zone_1057,1057,-1,0
Zone_1058,1058,-1,0
Zone_1059,1059,-1,0
Zone_1060,1060,-1,0
Zone_1061,1061,-1,0
Zone_1062,1062,-1,0
Zone_1063,1063,-1,0
Zone_1064,1064,-1,0
Zone_1065,1065,-1,1
Zone_1066,1066,-1,1
Zone_1067,1067,-1,0
Zone_1068,1068,-1,0
Zone_1069,1069,-1,0
Zone_1070,1070,-1,0
Zone_1071,1071,-1,0
Zone_1072,1072,-1,0
Zone_1073,1073,-1,0
Zone_1074,1074,-1,0
Zone_1075,1075,-1,0
Zone_1076,1076,-1,0
Zone_1077,1077,-1,0
Zone_1078,1078,-1,0
Zone_1079,1079,-1,0
Zone_1080,1080,-1,0
Zone_1081,1081,-1,0
Zone_1082,1082,-1,0
Zone_1083,1083,-1,0
Zone_1084,1084,-1,0
Zone_1085,1085,-1,0
Zone_1086,1086,-1,0
Zone_1087,1087,-1,0
Zone_1088,1088,-1,0
Zone_1089,1089,-1,0
Zone_1090,1090,-1,0
Zone_1091,1091,-1,0
Zone_1092,1092,-1,0
Zone_1093,1093,-1,0
Zone_1094,1094,-1,0
Zone_1095,1095,-1,0
Zone_1096,1096,-1,0
Zone_1097,1097,-1,0
Zone_1098,1098,-1,0
Zone_1099,1099,-1,0
Zone_1100,1100,-1,0
Zone_1101,1101,-1,0
Zone_1102,1102,-1,0
Zone_1103,1103,-1,0
Zone_1104,1104,-1,0
Zone_1105,1105,-1,0
Zone_1106,1106,-1,0
Zone_1107,1107,-1,1
Zone_1108,1108,-1,1
Zone_1109,1109,-1,0
Zone_1110,1110,-1,0
Zone_1111,1111,-1,0
Zone_1112,1112,-1,0
Zone_1113,1113,-1,0
Zone_1114,1114,-1,0
Zone_1115,1115,-1,0
Zone_1116,1116,-1,0
Zone_1117,1117,-1,0
Zone_1118,1118,-1,0
Zone_1119,1119,-1,0
Zone_1120,1120,-1,0
Zone_1121,1121,-1,0
Zone_1122,1122,-1,0
Zone_1123,1123,-1,0
Zone_1124,1124,-1,0
Zone_1125,1125,-1,0
Zone_1126,1126,-1,0
Zone_1127,1127,-1,0
Zone_1128,1128,-1,0
Zone_1129,1129,-1,0
Zone_1130,1130,-1,0
Zone_1131,1131,-1,0
Zone_1132,1132,-1,0
Zone_1133,1133,-1,0
Zone_1134,1134,-1,0
Zone_1135,1135,-1,0
Zone_1136,1136,-1,0
Zone_1137,1137,-1,0
Zone_1138,1138,-1,0
Zone_1139,1139,-1,0
Zone_1140,1140,-1,0
Zone_1141,1141,-1,0
Zone_1142,1142,-1,0
Zone_1143,1143,-1,0
Zone_1144,1144,-1,0
Zone_1145,1145,-1,0
Zone_1146,1146,-1,0
Zone_1147,1147,-1,0
Zone_1148,1148,-1,0
Zone_1149,1149,-1,0
Zone_1150,1150,-1,0
Zone_1151,1151,-1,0
Zone_1152,1152,-1,0
Zone_1153,1153,-1,0
Zone_1154,1154,-1,0
Zone_1155,1155,-1,0
Zone_1156,1156,-1,1
Zone_1157,1157,-1,1
Zone_1158,1158,-1,0
Zone_1159,1159,-1,0
Zone_1160,1160,-1,0
Zone_1161,1161,-1,0
Zone_1162,1162,-1,0
Zone_1163,1163,-1,0
Zone_1164,1164,-1,0
Zone_1165,1165,-1,0
Zone_1166,1166,-1,0
Zone_1167,1167,-1,0
Zone_1168,1168,-1,0
Zone_1169,1169,-1,0
Zone_1170,1170,-1,0
Zone_1171,1171,-1,0
Zone_1172,1172,-1,0
Zone_1173,1173,-1,0
Zone_1174,1174,-1,0
Zone_1175,1175,-1,0
Zone_1176,1176,-1,0
Zone_1177,1177,-1,0
Zone_1178,1178,-1,0
Zone_1179,1179,-1,0
Zone_1180,1180,-1,0
Zone_1181,1181,-1,0
Zone_1182,1182,-1,0
Zone_1183,1183,-1,0
Zone_1184,1184,-1,0
Zone_1185,1185,-1,0
Zone_1186,1186,-1,0
Zone_1187,1187,-1,0
Zone_1188,1188,-1,0
Zone_1189,1189,-1,0
Zone_1190,1190,-1,0
Zone_1191,1191,-1,0
Zone_1192,1192,-1,0
Zone_1193,1193,-1,0
Zone_1194,1194,-1,0
Zone_1195,1195,-1,0
Zone_1196,1196,-1,0
Zone_1197,1197,-1,0
Zone_1198,1198,-1,0
Zone_1199,1199,-1,0
Zone_1200,1200,-1,0
Zone_1201,1201,-1,0
Zone_1202,1202,-1,0
Zone_1203,1203,-1,0
Zone_1204,1204,-1,0
Zone_1205,1205,-1,0
Zone_1206,1206,-1,0
Zone_1207,1207,-1,0
Zone_1208,1208,-1,0
Zone_1209,1209,-1,0
Zone_1210,1210,-1,0
Zone_1211,1211,-1,0
Zone_1212,1212,-1,0
Zone_1213,1213,-1,0
Zone_1214,1214,-1,1
Zone_1215,1215,-1,1
Zone_1216,1216,-1,0
Zone_1217,1217,-1,0
Zone_1218,1218,-1,0
Zone_1219,1219,-1,0
Zone_1220,1220,-1,0
Zone_1221,1221,-1,0
Zone_1222,1222,-1,0
Zone_1223,1223,-1,0
Zone_1224,1224,-1,0
Zone_1225,1225,-1,0
Zone_1226,1226,-1,0
Zone_1227,1227,-1,0
Zone_1228,1228,-1,0
Zone_1229,1229,-1,0
Zone_1230,1230,-1,0
Zone_1231,1231,-1,0
Zone_1232,1232,-1,0
Zone_1233,1233,-1,0
Zone_1234,1234,-1,0
Zone_1235,1235,-1,0
Zone_1236,1236,-1,0
Zone_1237,1237,-1,0
Zone_1238,1238,-1,0
Zone_1239,1239,-1,0
Zone_1240,1240,-1,0
Zone_1241,1241,-1,0
Zone_1242,1242,-1,0
Zone_1243,1243,-1,0
Zone_1244,1244,-1,0
Zone_1245,1245,-1,0
Zone_1246,1246,-1,0
Zone_1247,1247,-1,0
Zone_1248,1248,-1,0
Zone_1249,1249,-1,0
Zone_1250,1250,-1,0
Zone_1251,1251,-1,0
Zone_1252,1252,-1,0
Zone_1253,1253,-1,0
Zone_1254,1254,-1,0
Zone_1255,1255,-1,0
Zone_1256,1256,-1,0
Zone_1257,1257,-1,0
Zone_1258,1258,-1,0
Zone_1259,1259,-1,0
Zone_1260,1260,-1,0
Zone_1261,1261,-1,0
Zone_1262,1262,-1,0
Zone_1263,1263,-1,0
Zone_1264,1264,-1,0
Zone_1265,1265,-1,0
Zone_1266,1266,-1,0
Zone_1267,1267,-1,0
Zone_1268,1268,-1,0
Zone_1269,1269,-1,0
Zone_1270,1270,-1,0
Zone_1271,1271,-1,0
Zone_1272,1272,-1,0
Zone_1273,1273,-1,0
Zone_1274,1274,-1,0
Zone_1275,1275,-1,0
Zone_1276,1276,-1,0
Zone_1277,1277,-1,0
Zone_1278,1278,-1,0
Zone_1279,1279,-1,0
Zone_1280,1280,-1,0
Zone_1281,1281,-1,0
Zone_1282,1282,-1,0
Zone_1283,1283,-1,0
Zone_1284,1284,-1,0
Zone_1285,1285,-1,0
Zone_1286,1286,-1,0
Zone_1287,1287,-1,0
Zone_1288,1288,-1,1
Zone_1289,1289,-1,1
Zone_1290,1290,-1,0
Zone_1291,1291,-1,0
Zone_1292,1292,-1,0
Zone_1293,1293,-1,0
Zone_1294,1294,-1,0
Zone_1295,1295,-1,0
Zone_1296,1296,-1,0
Zone_1297,1297,-1,0
Zone_1298,1298,-1,0
Zone_1299,1299,-1,0
Zone_1300,1300,-1,0
Zone_1301,1301,-1,0
Zone_1302,1302,-1,0
Zone_1303,1303,-1,0
Zone_1304,1304,-1,0
Zone_1305,1305,-1,0
Zone_1306,1306,-1,0
Zone_1307,1307,-1,0
Zone_1308,1308,-1,0
Zone_1309,1309,-1,0
Zone_1310,1310,-1,0
Zone_1311,1311,-1,1
Zone_1312,1312,-1,1
Zone_1313,1313,-1,0
Zone_1314,1314,-1,0
Zone_1315,1315,-1,0
Zone_1316,1316,-1,0
Zone_1317,1317,-1,0
Zone_1318,1318,-1,0
Zone_1319,1319,-1,0
Zone_1320,1320,-1,0
Zone_1321,1321,-1,0
Zone_1322,1322,-1,0
Zone_1323,1323,-1,0
Zone_1324,1324,-1,0
Zone_1325,1325,-1,0
Zone_1326,1326,-1,0
Zone_1327,1327,-1,0
Zone_1328,1328,-1,0
Zone_1329,1329,-1,0
Zone_1330,1330,-1,0
Zone_1331,1331,-1,0
Zone_1332,1332,-1,1
Zone_1333,1333,-1,1
Zone_1334,1334,-1,0
Zone_1335,1335,-1,0
Zone_1336,1336,-1,0
Zone_1337,1337,-1,0
Zone_1338,1338,-1,0
Zone_1339,1339,-1,0
Zone_1340,1340,-1,0
Zone_1341,1341,-1,0
Zone_1342,1342,-1,0
Zone_1343,1343,-1,0
Zone_1344,1344,-1,0
Zone_1345,1345,-1,0
Zone_1346,1346,-1,0
Zone_1347,1347,-1,0
Zone_1348,1348,-1,0
Zone_1349,1349,-1,0
Zone_1350,1350,-1,0
Zone_1351,1351,-1,0
Zone_1352,1352,-1,0
Zone_1353,1353,-1,0
Zone_1354,1354,-1,0
Zone_1355,1355,-1,0
Zone_1356,1356,-1,0
Zone_1357,1357,-1,0
Zone_1358,1358,-1,0
Zone_1359,1359,-1,0
Zone_1360,1360,-1,0
Zone_1361,1361,-1,0
Zone_1362,1362,-1,0
Zone_1363,1363,-1,0
Zone_1364,1364,-1,0
Zone_1365,1365,-1,0
Zone_1366,1366,-1,0
Zone_1367,1367,-1,0
Zone_1368,1368,-1,0
Zone_1369,1369,-1,0
Zone_1370,1370,-1,0
Zone_1371,1371,-1,1
Zone_1372,1372,-1,1
Zone_1373,1373,-1,0
Zone_1374,1374,-1,0
Zone_1375,1375,-1,0
Zone_1376,1376,-1,0
Zone_1377,1377,-1,0
Zone_1378,1378,-1,0
Zone_1379,1379,-1,0
Zone_1380,1380,-1,0
Zone_1381,1381,-1,0
Zone_1382,1382,-1,0
Zone_1383,1383,-1,0
Zone_1384,1384,-1,0
Zone_1385,1385,-1,0
Zone_1386,1386,-1,0
Zone_1387,1387,-1,0
Zone_1388,1388,-1,0
Zone_1389,1389,-1,0
Zone_1390,1390,-1,0
Zone_1391,1391,-1,0
Zone_1392,1392,-1,0
Zone_1393,1393,-1,0
Zone_1394,1394,-1,0
Zone_1395,1395,-1,0
Zone_1396,1396,-1,0
Zone_1397,1397,-1,0
Zone_1398,1398,-1,0
Zone_1399,1399,-1,0
Zone_1400,1400,-1,0
Zone_1401,1401,-1,0
Zone_1402,1402,-1,0
Zone_1403,1403,-1,0
Zone_1404,1404,-1,1
Zone_1405,1405,-1,1
Zone_1406,1406,-1,0
Zone_1407,1407,-1,0
Zone_1408,1408,-1,0
Zone_1409,1409,-1,0
Zone_1410,1410,-1,0
Zone_1411,1411,-1,0
Zone_1412,1412,-1,0
Zone_1413,1413,-1,0
Zone_1414,1414,-1,0
Zone_1415,1415,-1,0
Zone_1416,1416,-1,0
Zone_1417,1417,-1,0
Zone_1418,1418,-1,0
Zone_1419,1419,-1,0
Zone_1420,1420,-1,0
Zone_1421,1421,-1,0
Zone_1422,1422,-1,0
Zone_1423,1423,-1,0
Zone_1424,1424,-1,0
Zone_1425,1425,-1,0
Zone_1426,1426,-1,0
Zone_1427,1427,-1,0
Zone_1428,1428,-1,0
Zone_1429,1429,-1,0
Zone_1430,1430,-1,0
Zone_1431,1431,-1,0
Zone_1432,1432,-1,0
Zone_1433,1433,-1,0
Zone_1434,1434,-1,0
Zone_1435,1435,-1,0
Zone_1436,1436,-1,0
Zone_1437,1437,-1,0
Zone_1438,1438,-1,0
Zone_1439,1439,-1,0
Zone_1440,1440,-1,0
Zone_1441,1441,-1,0
Zone_1442,1442,-1,0
Zone_1443,1443,-1,0
Zone_1444,1444,-1,0
Zone_1445,1445,-1,0
Zone_1446,1446,-1,0
Zone_1447,1447,-1,0
Zone_1448,1448,-1,0
Zone_1449,1449,-1,0
Zone_1450,1450,-1,0
Zone_1451,1451,-1,0
Zone_1452,1452,-1,0
Zone_1453,1453,-1,0
Zone_1454,1454,-1,0
Zone_1455,1455,-1,0
Zone_1456,1456,-1,0
Zone_1457,1457,-1,0
Zone_1458,1458,-1,1
Zone_1459,1459,-1,1
Zone_1460,1460,-1,0
Zone_1461,1461,-1,0
Zone_1462,1462,-1,0
Zone_1463,1463,-1,0
Zone_1464,1464,-1,0
Zone_1465,1465,-1,0
Zone_1466,1466,-1,0
Zone_1467,1467,-1,0
Zone_1468,1468,-1,0
Zone_1469,1469,-1,0
Zone_1470,1470,-1,0
Zone_1471,1471,-1,0
Zone_1472,1472,-1,0
Zone_1473,1473,-1,0
Zone_1474,1474,-1,0
Zone_1475,1475,-1,0
Zone_1476,1476,-1,0
Zone_1477,1477,-1,0
Zone_1478,1478,-1,0
Zone_1479,1479,-1,0
Zone_1480,1480,-1,0
Zone_1481,1481,-1,0
Zone_1482,1482,-1,0
Zone_1483,1483,-1,0
Zone_1484,1484,-1,0
Zone_1485,1485,-1,0
Zone_1486,1486,-1,0
Zone_1487,1487,-1,0
Zone_1488,1488,-1,0
Zone_1489,1489,-1,0
Zone_1490,1490,-1,0
Zone_1491,1491,-1,0
Zone_1492,1492,-1,0
Zone_1493,1493,-1,0
Zone_1494,1494,-1,0
Zone_1495,1495,-1,0
Zone_1496,1496,-1,0
Zone_1497,1497,-1,0
Zone_1498,1498,-1,0
Zone_1499,1499,-1,0
Zone_1500,1500,-1,0
Zone_1501,1501,-1,0
Zone_1502,1502,-1,0
Zone_1503,1503,-1,0
Zone_1504,1504,-1,0
Zone_1505,1505,-1,0
Zone_1506,1506,-1,0
Zone_1507,1507,-1,0
Zone_1508,1508,-1,0
Zone_1509,1509,-1,0
Zone_1510,1510,-1,1
Zone_1511,1511,-1,1
Zone_1512,1512,-1,0
Zone_1513,1513,-1,0
Zone_1514,1514,-1,0
Zone_1515,1515,-1,0
Zone_1516,1516,-1,0
Zone_1517,1517,-1,0
Zone_1518,1518,-1,0
Zone_1519,1519,-1,0
Zone_1520,1520,-1,0
Zone_1521,1521,-1,0
Zone_1522,1522,-1,0
Zone_1523,1523,-1,0
Zone_1524,1524,-1,0
Zone_1525,1525,-1,0
Zone_1526,1526,-1,0
Zone_1527,1527,-1,0
Zone_1528,1528,-1,0
Zone_1529,1529,-1,0
Zone_1530,1530,-1,0
Zone_1531,1531,-1,0
Zone_1532,1532,-1,1
Zone_1533,1533,-1,0
Zone_1534,1534,-1,0
Zone_1535,1535,-1,0
Zone_1536,1536,-1,0
Zone_1537,1537,-1,0
Zone_1538,1538,-1,0
Zone_1539,1539,-1,0
Zone_1540,1540,-1,0
Zone_1541,1541,-1,0
Zone_1542,1542,-1,0
Zone_1543,1543,-1,0
Zone_1544,1544,-1,0
Zone_1545,1545,-1,0
Zone_1546,1546,-1,0
Zone_1547,1547,-1,0
Zone_1548,1548,-1,0
Zone_1549,1549,-1,0
Zone_1550,1550,-1,0
Zone_1551,1551,-1,0
Zone_1552,1552,-1,0
Zone_1553,1553,-1,0
Zone_1554,1554,-1,0
Zone_1555,1555,-1,0
Zone_1556,1556,-1,0
Zone_1557,1557,-1,0
Zone_1558,1558,-1,0
Zone_1559,1559,-1,0
Zone_1560,1560,-1,1
Zone_1561,1561,-1,0
Zone_1562,1562,-1,0
Zone_1563,1563,-1,0
Zone_1564,1564,-1,0
Zone_1565,1565,-1,0
Zone_1566,1566,-1,0
Zone_1567,1567,-1,0
Zone_1568,1568,-1,0
Zone_1569,1569,-1,0
Zone_1570,1570,-1,0
Zone_1571,1571,-1,0
Zone_1572,1572,-1,0
Zone_1573,1573,-1,0
Zone_1574,1574,-1,0
Zone_1575,1575,-1,0
Zone_1576,1576,-1,0
Zone_1577,1577,-1,0
Zone_1578,1578,-1,0
Zone_1579,1579,-1,0
Zone_1580,1580,-1,0
Zone_1581,1581,-1,0
Zone_1582,1582,-1,0
Zone_1583,1583,-1,0
Zone_1584,1584,-1,0
Zone_1585,1585,-1,1
Zone_1586,1586,-1,1
Zone_1587,1587,-1,0
Zone_1588,1588,-1,0
Zone_1589,1589,-1,0
Zone_1590,1590,-1,0
Zone_1591,1591,-1,0
Zone_1592,1592,-1,0
Zone_1593,1593,-1,0
Zone_1594,1594,-1,0
Zone_1595,1595,-1,0
Zone_1596,1596,-1,0
Zone_1597,1597,-1,0
Zone_1598,1598,-1,0
Zone_1599,1599,-1,0
Zone_1600,1600,-1,0
Zone_1601,1601,-1,0
Zone_1602,1602,-1,0
Zone_1603,1603,-1,0
Zone_1604,1604,-1,0
Zone_1605,1605,-1,0
Zone_1606,1606,-1,0
Zone_1607,1607,-1,0
Zone_1608,1608,-1,0
Zone_1609,1609,-1,1
